geoid,aland20,awater20,lat20,lon20,name,land_acre
40131059001,810169,0,33.5507363,-112.1264803,Alhambra,200.1968107
40131057011,631843,0,33.564039,-112.1472814,North Mountain,156.1315645
40131057021,646106,0,33.5639171,-112.1385784,North Mountain,159.6560231
40131058001,649353,0,33.5494482,-112.1385996,Alhambra,160.4583731
40131093002,480788,0,33.4991892,-112.1652533,Maryvale,118.8051187
40131059002,814467,0,33.5430778,-112.1299816,Alhambra,201.258868
40131092001,1302759,0,33.4998505,-112.1458673,Maryvale,321.9182627
40131093001,1861978,0,33.5026669,-112.1581299,Maryvale,460.1040737
40131093003,226778,0,33.5047816,-112.1666715,Maryvale,56.03797769
40131157002,654611,0,33.3959212,-112.0948644,South Mountain,161.7576512
40131095001,652792,0,33.5058557,-112.1907172,Maryvale,161.3081672
40131152002,1269167,6817,33.4089351,-111.9996952,South Mountain,313.6175115
40131153001,1784972,0,33.4118346,-112.0386339,South Mountain,441.0755061
40131154001,1326212,2970,33.4151379,-112.0709315,South Mountain,327.7136163
40131154002,1178422,81509,33.4130148,-112.0778885,South Mountain,291.1939683
40131155001,1302549,0,33.4030261,-112.1422787,Laveen,321.8663706
40131156001,1277234,0,33.3994509,-112.1120908,South Mountain,315.6109076
40131158011,644411,0,33.4031486,-112.0689695,South Mountain,159.2371802
40131158022,640525,0,33.3958488,-112.0775936,South Mountain,158.2769301
40131042122,800968,0,33.6010607,-112.1378267,North Mountain,197.9231976
40131042124,932588,0,33.6071096,-112.1423043,North Mountain,230.4471577
40131063004,653630,0,33.5418841,-112.0607275,Camelback East,161.5152412
40131061001,774682,0,33.5486013,-112.0869773,Alhambra,191.4277956
40131061002,627968,0,33.5494184,-112.0954302,Alhambra,155.1740326
40131061003,440501,0,33.5429737,-112.0960991,Alhambra,108.8499996
40131061005,189310,0,33.5403561,-112.0936733,Alhambra,46.77944755
40131062001,1301002,0,33.5455961,-112.0781693,Alhambra,321.4840992
40131062002,1293011,0,33.5455265,-112.0694832,Alhambra,319.5094832
40131063001,619942,822,33.5499894,-112.0526068,Camelback East,153.1907679
40131095002,1216363,24992,33.4981668,-112.1908256,Maryvale,300.5693791
40131096013,400236,0,33.4995744,-112.2340939,Maryvale,98.90031678
40131106003,438939,0,33.4922662,-112.0607559,Encanto,108.4640216
40131096021,475008,0,33.5030885,-112.2172123,Maryvale,117.3768518
40131097021,677574,0,33.490777,-112.2332312,Maryvale,167.4319233
40131100022,559979,4560,33.4909367,-112.1581002,Maryvale,138.3736108
40131160003,266159,0,33.3962271,-112.0320147,South Mountain,65.7692197
40131107011,311673,8847,33.491685,-112.0466684,Encanto,77.01595667
40131159001,1280715,0,33.4031813,-112.0558871,South Mountain,316.4710801
40131159002,666729,0,33.3958693,-112.0602333,South Mountain,164.7520695
40131161002,1441393,0,33.3976376,-112.022281,South Mountain,356.1754173
40131161003,326380,0,33.4051102,-112.0255053,South Mountain,80.6501299
40131162021,424792,0,33.3897154,-111.9897237,South Mountain,104.9682272
40131162032,2566623,0,33.3853023,-112.0040866,South Mountain,634.2253764
40131162023,379807,0,33.3857184,-111.9870143,South Mountain,93.85220874
40131162024,231877,0,33.3882663,-111.9933618,South Mountain,57.29796609
40131162031,2582559,0,33.3998885,-112.0040408,South Mountain,638.1632417
40131162041,1975109,0,33.401111,-111.9882866,South Mountain,488.0593094
40131162042,341545,0,33.3962636,-111.9841546,South Mountain,84.39747723
40131162043,249260,0,33.3963216,-111.9801128,South Mountain,61.5933923
40131042191,1924657,0,33.604744,-112.158499,North Mountain,475.592368
40130820021,1184979,7483,33.5032283,-112.2811413,Maryvale,292.8142358
40130820022,744066,12237,33.4986266,-112.2764579,Maryvale,183.8624289
40130820023,687765,10643,33.4979758,-112.2850904,Maryvale,169.9501703
40131042181,783384,0,33.6139701,-112.1566567,North Mountain,193.5781033
40131042183,284143,0,33.6134723,-112.1652804,North Mountain,70.21315602
40131042192,650233,0,33.5999426,-112.1643233,North Mountain,160.6758255
40131064001,1812343,87116,33.5276175,-112.0341945,Camelback East,447.839017
40131064002,681233,8964,33.531409,-112.0455354,Camelback East,168.3360805
40131162051,509350,0,33.3809848,-111.9911125,South Mountain,125.8629318
40131107012,574701,3442,33.4833045,-112.0433448,Encanto,142.0114906
40131107022,984745,0,33.4912511,-112.0367803,Camelback East,243.3354132
40131110001,180065,0,33.4932405,-111.9930621,Camelback East,44.49496183
40131162052,478294,0,33.382387,-111.9814443,South Mountain,118.1888389
40131163001,625396,0,33.3895502,-112.0344002,South Mountain,154.5384786
40131165001,648282,0,33.3886236,-112.0776325,South Mountain,160.1937236
40131163002,694477,0,33.3889372,-112.0430116,South Mountain,171.6087391
40131163003,1367909,0,33.3816469,-112.0385041,South Mountain,338.0171534
40131164001,757585,0,33.3887363,-112.0521476,South Mountain,187.2030414
40131164002,569267,0,33.3886597,-112.0608728,South Mountain,140.668722
40131164003,823003,0,33.3813717,-112.0527931,South Mountain,203.3681563
40131165002,646734,0,33.3813714,-112.0775899,South Mountain,159.8112051
40131165003,1291564,0,33.3850002,-112.0689661,South Mountain,319.1519222
40131040004,640063,0,33.6072145,-112.1295283,North Mountain,158.1627676
40131123024,162386,0,33.4786606,-112.1538271,Maryvale,40.12639253
40131129004,932889,0,33.4564525,-112.0956596,Central City,230.5215363
40131166212,2334858,0,33.3850357,-112.1831459,Laveen,576.9550861
40131166203,743298,0,33.3815635,-112.2070702,Laveen,183.6726523
40131133012,548430,0,33.4550026,-112.0338338,Central City,135.5197952
40131166202,720047,0,33.3814318,-112.2152569,Laveen,177.9272139
40131133011,761479,0,33.4550582,-112.0425953,Central City,188.1652683
40131133014,365082,0,33.4602953,-112.0421583,Central City,90.21358761
40131132043,389254,0,33.4638235,-112.0427952,Central City,96.18660967
40131135033,298379,0,33.4639176,-112.0340499,Central City,73.7309428
40131166192,7797967,0,33.3525414,-112.1789471,Laveen,1926.916636
40131166191,1572889,0,33.3738923,-112.1792359,Laveen,388.6687363
40131166211,1057647,0,33.384467,-112.1719085,Laveen,261.3498619
40131166205,1358866,0,33.3854936,-112.2252081,Laveen,335.7825829
40131166201,1744398,0,33.3844261,-112.1967585,Laveen,431.0494678
40131166182,4202476,604,33.3671923,-112.2025579,Laveen,1038.452832
40131166181,1141362,0,33.3741659,-112.2128339,Laveen,282.036257
40131166204,1123679,0,33.388687,-112.2113402,Laveen,277.6666993
40131132042,702609,0,33.4637685,-112.056406,Central City,173.6181969
40131132041,562423,0,33.4602584,-112.0564373,Central City,138.9775354
40131135031,570496,0,33.4601791,-112.0219788,Central City,140.9724141
40131135032,709627,4098,33.4641748,-112.0210577,Central City,175.3523798
40131133013,227709,0,33.4603402,-112.0334857,Central City,56.26803245
40131095003,610787,0,33.5057463,-112.1991137,Maryvale,150.9285216
40131096011,599551,0,33.5056236,-112.2333163,Maryvale,148.1520499
40131096012,231365,0,33.4958264,-112.2332811,Maryvale,57.17144833
40131096022,559161,0,33.4978514,-112.2081386,Maryvale,138.1714789
40131096023,440115,0,33.4973122,-112.2163916,Maryvale,108.7546171
40131096031,373699,0,33.5004421,-112.2263507,Maryvale,92.3428914
40131096033,296314,0,33.5071024,-112.2250644,Maryvale,73.22067097
40131096042,365875,0,33.5065455,-112.2143998,Maryvale,90.40954188
40131036042,664907,0,33.6364602,-112.0828792,Deer Valley,164.3018442
40131035012,701698,0,33.6226063,-112.0183945,Paradise Valley,173.3930843
40131035013,669046,0,33.6155415,-112.0173702,Paradise Valley,165.3246118
40131035021,649675,0,33.6078662,-112.0175751,Paradise Valley,160.5379409
40131035023,651081,0,33.6005849,-112.0175177,Paradise Valley,160.8853705
40131035024,2035784,0,33.6110965,-112.0284981,Paradise Valley,503.0524053
40131035025,483171,0,33.5998225,-112.025438,Paradise Valley,119.39397
40131036041,1773243,9689,33.634118,-112.0931632,Deer Valley,438.1772115
40131125071,949367,0,33.4641729,-112.164157,Maryvale,234.5933325
40131125081,1945055,0,33.4570499,-112.2121094,Estrella,480.6328158
40131126021,637023,0,33.4576874,-112.1375764,Estrella,157.4115684
40131126022,644836,0,33.4550636,-112.1431151,Estrella,159.3421998
40131126023,267126,0,33.460182,-112.1475221,Estrella,66.00817023
40131126024,331516,0,33.4550103,-112.1495951,Estrella,81.91926118
40131036051,2403614,0,33.6175996,-112.0919695,North Mountain,593.9450375
40131036052,2129329,7131,33.6166417,-112.0797986,North Mountain,526.1678425
40131036053,820129,0,33.6119603,-112.0698249,North Mountain,202.6579765
40131036054,749629,0,33.6213807,-112.0694385,North Mountain,185.237074
40131036061,561834,0,33.629334,-112.0351916,Paradise Valley,138.8319906
40131036062,601744,0,33.6311443,-112.0438904,Paradise Valley,148.6939511
40131036063,1246275,0,33.6368421,-112.0385893,Paradise Valley,307.9607839
40131127001,752895,0,33.4598777,-112.1253554,Estrella,186.044119
40131127002,548021,0,33.4539328,-112.1213433,Estrella,135.4187292
40131127003,640651,0,33.455042,-112.1302059,Estrella,158.3080654
40131129001,798678,0,33.4635841,-112.0910269,Central City,197.3573272
40131129002,539856,0,33.4577403,-112.0861586,Central City,133.4011169
40131130001,532323,0,33.4601943,-112.0732202,Central City,131.5396749
40131036071,544703,0,33.6230313,-112.0347363,Paradise Valley,134.5988348
40131036072,497311,0,33.6143132,-112.0394085,Paradise Valley,122.8880347
40131036081,2059047,0,33.6331644,-112.1069169,Deer Valley,508.8008089
40131036082,403898,0,33.6298797,-112.1127866,Deer Valley,99.80521529
40131036092,767391,0,33.6224036,-112.1103604,North Mountain,189.6261531
40131036113,2989703,0,33.6209102,-112.055288,North Mountain,738.7705598
40131131001,364614,0,33.4550586,-112.0801411,Central City,90.09794247
40131132011,329362,0,33.4568786,-112.0518424,Central City,81.38699701
40131132012,319349,0,33.4532891,-112.0521205,Central City,78.91273465
40131132021,259051,0,33.4572546,-112.0608251,Central City,64.01279736
40131036121,85548,0,33.6344796,-112.0673472,North Mountain,21.13933854
40131036141,1209306,0,33.6056048,-112.0926169,North Mountain,298.8255591
40131036142,862197,0,33.6051287,-112.0747698,North Mountain,213.0531897
40131036151,6296109,0,33.5931435,-112.0803478,North Mountain,1555.800014
40131100012,782069,4477,33.4838924,-112.156886,Maryvale,193.2531602
40131036152,500996,0,33.5895132,-112.0954337,North Mountain,123.7986166
40131136011,513809,7115,33.4628308,-112.0091608,Camelback East,126.9647729
40131136022,544199,9113,33.4537575,-112.0031471,Central City,134.4742939
40131141001,1304998,0,33.4477675,-112.0738956,Central City,322.4715308
40131104003,642860,0,33.4841592,-112.0956455,Encanto,158.8539203
40131104004,637777,0,33.4914022,-112.0956207,Encanto,157.5978856
40131039001,655604,0,33.6075071,-112.1043813,North Mountain,162.0030264
40131039003,453785,0,33.6022095,-112.105129,North Mountain,112.1325424
40131040001,644038,0,33.6000201,-112.1209949,North Mountain,159.14501
40131040003,640518,0,33.6000052,-112.1296274,North Mountain,158.2752004
40131041001,490746,0,33.6217149,-112.1203092,North Mountain,121.2657903
40131126011,183373,0,33.4647077,-112.1481577,Maryvale,45.31238517
40131167252,292551,0,33.2987949,-112.0579413,Ahwatukee Foothills,72.29081486
40131155002,1296358,0,33.3957269,-112.1422553,Laveen,320.3365436
40131106002,653294,2123,33.4934477,-112.0536804,Encanto,161.4322139
40131051021,16317873,0,33.5519009,-112.0119109,Camelback East,4032.228008
40131139001,1129908,0,33.4439881,-112.033842,Central City,279.2059163
40131140002,1355069,0,33.440575,-112.0564932,Central City,334.8443252
40131143011,1333635,0,33.4476657,-112.0913092,Central City,329.5478767
40131167194,956546,0,33.3109175,-111.9921443,Ahwatukee Foothills,236.3672993
40131167201,612393,0,33.3202883,-112.0003143,Ahwatukee Foothills,151.3253723
40131167202,423532,0,33.317018,-111.9948258,Ahwatukee Foothills,104.6568749
40131167212,1614218,0,33.3095198,-112.0099738,Ahwatukee Foothills,398.8813389
40131167251,940623,0,33.2940591,-112.0559087,Ahwatukee Foothills,232.4326464
40131167253,1667327,0,33.3014398,-112.0448253,Ahwatukee Foothills,412.0048383
40130820122,1837801,2146,33.4992376,-112.3061198,Maryvale,454.1298161
40130820171,746419,0,33.4757508,-112.2602756,Maryvale,184.443867
40130820172,994637,0,33.4719903,-112.2695226,Maryvale,245.7797759
40130820182,669968,0,33.47603,-112.2422164,Maryvale,165.5524426
40131036111,1292818,4009,33.6362176,-112.0591785,Deer Valley,319.4617919
40131097042,260835,0,33.4929989,-112.2249751,Maryvale,64.45363268
40131166063,1296980,0,33.384877,-112.1380338,Laveen,320.4902429
40131166122,1281000,0,33.3850122,-112.1207043,Laveen,316.541505
40136183001,713641,0,33.6433573,-112.147479,Deer Valley,176.3442593
40131166121,1299080,0,33.3848494,-112.1293265,Laveen,321.0091634
40131166123,5196748,0,33.3631974,-112.1261694,Laveen,1284.142415
40131167172,478975,0,33.3304875,-111.9762179,Ahwatukee Foothills,118.3571174
40131167203,734230,0,33.3132836,-112.0006193,Ahwatukee Foothills,181.4319042
40136199003,1078990,0,33.6437568,-111.952963,Paradise Valley,266.623824
40136198003,609732,0,33.6438535,-111.9918427,Paradise Valley,150.6678259
40136199002,1021490,0,33.6462406,-111.9730282,Paradise Valley,252.4152865
40136195003,1295419,0,33.6441848,-112.0221818,Paradise Valley,320.104512
40136189002,642239,0,33.6511589,-112.0698664,Deer Valley,158.7004681
40131065011,658224,0,33.5346238,-112.0606556,Camelback East,162.6504415
40131067021,649371,0,33.5348013,-112.0867781,Alhambra,160.462821
40131108011,646829,0,33.4912959,-112.0258812,Camelback East,159.83468
40131122023,485678,0,33.4762611,-112.1480627,Maryvale,120.0134622
40130610111,13684354,285193,33.5323577,-112.3264989,Maryvale,3381.472295
40131047021,266102,0,33.5763705,-112.0524656,North Mountain,65.75513471
40131068013,174155,0,33.5258623,-112.1145402,Alhambra,43.03457128
40131171002,415348,2589,33.4993576,-112.0813885,Encanto,102.6345675
40131167282,2383055,0,33.3125921,-112.0472531,Ahwatukee Foothills,588.8648058
40136148001,548032,0,33.67283,-112.0959686,Deer Valley,135.4214474
40136148003,704335,0,33.6725707,-112.0785172,Deer Valley,174.0447002
40130927203,14142426,7662,33.5284717,-112.2972134,Maryvale,3494.664177
40131075001,653278,0,33.5128883,-112.0693709,Alhambra,161.4282602
40131068011,263272,0,33.5358654,-112.1145572,Alhambra,65.05582756
40131068012,265546,0,33.5303903,-112.1145473,Alhambra,65.61774433
40131068021,1022585,0,33.5346457,-112.1059317,Alhambra,252.6858664
40131068022,534790,0,33.5273231,-112.1083533,Alhambra,132.149283
40131076011,328241,0,33.5183047,-112.06061,Camelback East,81.10999231
40130610131,3283563,9845,33.5010132,-112.3206661,Maryvale,811.3848351
40131043011,638222,0,33.593592,-112.1289347,North Mountain,157.7078473
40131043022,634723,34194,33.5896579,-112.1208241,North Mountain,156.8432269
40136166004,653267,0,33.6582754,-112.0871681,Deer Valley,161.425542
40136149003,226474,0,33.6711947,-112.0631038,Deer Valley,55.96285777
40131098023,287737,0,33.4821481,-112.1902899,Maryvale,71.10125139
40131089022,413401,5228,33.5032028,-112.0934543,Alhambra,102.1534541
40131123011,256647,0,33.4675356,-112.1554686,Maryvale,63.41875694
40131089024,331824,5256,33.503939,-112.0873751,Alhambra,81.99536952
40131098011,478776,0,33.4835081,-112.198518,Maryvale,118.3079435
40131098012,740884,0,33.4902774,-112.1995885,Maryvale,183.0761408
40131111002,316702,0,33.4818884,-111.9737888,Camelback East,78.25864771
40131113003,321179,0,33.4675063,-111.9913465,Camelback East,79.3649368
40131127004,690644,0,33.4639932,-112.1254306,Maryvale,170.6615856
40131136021,427255,340,33.4553727,-112.0096116,Central City,105.5768468
40131076012,326480,0,33.5219265,-112.060609,Camelback East,80.6748404
40131076021,651221,0,33.5201051,-112.0518634,Camelback East,160.9199652
40131083012,676333,0,33.5062645,-112.0085648,Camelback East,167.125266
40131079003,650481,1758,33.5114053,-111.9879713,Camelback East,160.7371075
40131080001,1748895,10925,33.4974497,-111.9683272,Camelback East,432.160699
40131083011,969225,27638,33.5128056,-112.0066164,Camelback East,239.5003436
40131084001,90769,0,33.4959533,-112.0187833,Camelback East,22.42947375
40131085011,567445,0,33.5017305,-112.0456569,Camelback East,140.2184967
40131085012,728246,0,33.5021776,-112.0413282,Camelback East,179.9532278
40131085021,322252,0,33.4966066,-112.0345565,Camelback East,79.63008046
40131086023,353107,5148,33.5046868,-112.0622874,Camelback East,87.25450524
40131090011,338493,0,33.5058915,-112.1147474,Alhambra,83.64331277
40131090012,312037,0,33.4986145,-112.1149417,Alhambra,77.10590289
40136185001,1220960,0,33.6440429,-112.1234965,Deer Valley,301.7053208
40131048012,4428967,0,33.5790445,-112.0384055,Paradise Valley,1094.419891
40136162002,641530,0,33.6580334,-112.1563399,Deer Valley,158.5252707
40136162001,593395,0,33.6581514,-112.1647953,Deer Valley,146.6308715
40136166001,641008,0,33.6657108,-112.0956549,Deer Valley,158.3962818
40136164001,594115,2496,33.6608391,-112.1324149,Deer Valley,146.8087871
40136164002,340914,0,33.656988,-112.1182481,Deer Valley,84.24155397
40136164004,970757,0,33.6608316,-112.1268689,Deer Valley,239.8789085
40136166003,624483,0,33.6654141,-112.0872551,Deer Valley,154.3128717
40136167002,863810,0,33.665464,-112.0765407,Deer Valley,213.4517701
40136167003,557704,0,33.6587125,-112.0789138,Deer Valley,137.8114469
40136168001,633289,0,33.6585822,-112.0527488,Deer Valley,156.4888783
40136168002,591655,0,33.6656017,-112.0528146,Deer Valley,146.2009088
40136168004,594724,0,33.6655229,-112.0613337,Deer Valley,146.959274
40131091011,778126,0,33.5061556,-112.1288123,Alhambra,192.2788252
40131167091,388534,0,33.3605466,-111.972566,Ahwatukee Foothills,96.00869407
40131167092,698589,0,33.3533995,-111.975935,Ahwatukee Foothills,172.6248348
40131090032,395783,9900,33.4980717,-112.1040599,Encanto,97.79995822
40131105011,331242,0,33.491181,-112.0759903,Encanto,81.85155441
40131091012,507883,0,33.5052953,-112.1206606,Alhambra,125.5004287
40131091021,299115,0,33.4987791,-112.1322281,Alhambra,73.91281208
40131092002,559931,0,33.5056518,-112.1399484,Alhambra,138.3617498
40131105012,385146,0,33.4912636,-112.0807609,Encanto,95.17150233
40131105013,698248,0,33.4839477,-112.0784378,Encanto,172.540572
40131105021,656776,0,33.4911538,-112.0694162,Encanto,162.2926335
40131106001,213891,0,33.4887152,-112.0605522,Encanto,52.85353556
40131110003,645252,0,33.4840285,-111.9912334,Camelback East,159.4449955
40131108021,494684,0,33.4847633,-112.0165288,Camelback East,122.2388898
40131108022,811977,0,33.4836476,-112.0245617,Camelback East,200.6435766
40131109011,664424,0,33.4915372,-112.0085759,Camelback East,164.1824925
40131110005,876876,0,33.4885336,-111.9812862,Camelback East,216.680444
40136133004,689628,0,33.7230509,-111.9838368,Desert View,170.4105269
40136133005,424206,0,33.7244177,-111.9916294,Desert View,104.8234236
40136106004,607830,0,33.8099701,-112.1269723,North Gateway,150.1978322
40136106002,1387207,0,33.8045701,-112.1316067,North Gateway,342.7857857
40136106003,1458672,0,33.8045116,-112.1186111,North Gateway,360.4451446
40130822041,897317,0,33.4166076,-112.2601147,Estrella,221.7315173
40130822042,5517687,0,33.3975651,-112.263686,Estrella,1363.448046
40130822051,1256889,0,33.4288401,-112.2511721,Estrella,310.5835563
40130822052,504938,0,33.4338712,-112.2421611,Estrella,124.7727045
40130822061,468209,0,33.4174479,-112.2526492,Estrella,115.6967849
40131032105,396595,0,33.6069019,-111.989461,Paradise Valley,98.00060748
40131152001,4157594,0,33.4165238,-111.9966302,South Mountain,1027.362265
40131115023,187067,0,33.4690972,-112.0148963,Camelback East,46.22519104
40131129003,330034,0,33.4538068,-112.0883249,Central City,81.55305157
40131167081,928273,16465,33.3352678,-111.9865225,Ahwatukee Foothills,229.3808997
40131167141,1011331,0,33.2989129,-112.0188464,Ahwatukee Foothills,249.9049468
40131167312,900869,0,33.2949854,-112.0924924,Ahwatukee Foothills,222.6092342
40131170001,813195,0,33.4879741,-112.102714,Encanto,200.9445505
40131173001,7483797,100686,33.420063,-112.1144023,Estrella,1849.283658
40136144001,628499,0,33.6822996,-112.1385233,Deer Valley,155.3052454
40136133002,13014250,6242,33.7096668,-111.9953344,Desert View,3215.886246
40136113001,25803328,25346,33.7562523,-112.1678779,North Gateway,6376.131365
40136108001,6508710,2317,33.7684029,-112.2114236,North Gateway,1608.334785
40136113002,18992659,2834,33.7800563,-112.1502101,North Gateway,4693.181002
40131032203,468499,0,33.6208562,-111.936045,Paradise Valley,115.7684454
40131036043,655796,0,33.6375037,-112.0732772,Deer Valley,162.0504706
40131036073,867767,0,33.6151353,-112.0476392,Paradise Valley,214.4295645
40131032191,1744259,0,33.62935,-111.9318352,Paradise Valley,431.0151202
40131032202,620508,0,33.6177122,-111.92914,Paradise Valley,153.3306293
40131036074,553917,0,33.6211324,-112.0387668,Paradise Valley,136.8756603
40131036112,973270,0,33.6300401,-112.0582421,North Mountain,240.4998834
40136181003,657280,0,33.6508915,-112.1562246,Deer Valley,162.4171744
40136182001,661601,0,33.6510282,-112.138889,Deer Valley,163.4849151
40136185002,165020,0,33.6414692,-112.132153,Deer Valley,40.7772671
40136185003,121516,0,33.6419064,-112.1288082,Deer Valley,30.02721118
40136114001,3132125,0,33.7270265,-112.1922678,Deer Valley,773.9637481
40136144003,773973,0,33.6742122,-112.1388696,Deer Valley,191.2525982
40136145001,492860,0,33.6883304,-112.122735,Deer Valley,121.7881703
40136145003,502845,0,33.6866584,-112.1163944,Deer Valley,124.2555137
40136145004,1913226,0,33.6950809,-112.1240229,Deer Valley,472.7677107
40136114002,725181,0,33.7186505,-112.2005839,Deer Valley,179.195851
40136114003,1536411,0,33.7348951,-112.1997835,Deer Valley,379.6548402
40136115002,808744,0,33.7330405,-112.1800733,Deer Valley,199.8446861
40131036123,1105228,0,33.6291442,-112.0810438,North Mountain,273.1073649
40131036124,226762,0,33.6349528,-112.069912,North Mountain,56.03402401
40131037022,482477,0,33.5838558,-112.058269,North Mountain,119.2224791
40131037023,3631720,0,33.5965587,-112.0559415,North Mountain,897.4161706
40131042264,1209188,0,33.6295664,-112.1441225,Deer Valley,298.7964007
40131055021,328181,0,33.562213,-112.1040863,North Mountain,81.09516601
40131055022,311658,0,33.565811,-112.1037874,North Mountain,77.01225009
40136186001,737354,0,33.6511161,-112.1092492,Deer Valley,182.2038602
40136149002,3191288,0,33.6782336,-112.0411145,Paradise Valley,788.5832212
40136149001,2362371,9124,33.6799209,-112.0571237,Deer Valley,583.753686
40136119002,1744833,0,33.738693,-112.1342102,Deer Valley,431.1569585
40136116001,2782782,0,33.7218278,-112.1470244,Deer Valley,687.6393461
40136116002,1694366,0,33.717184,-112.157092,Deer Valley,418.6863104
40136117001,2187770,0,33.7040075,-112.1949925,Deer Valley,540.6089059
40136117003,1454697,0,33.7066515,-112.1844159,Deer Valley,359.4629022
40131112014,549051,0,33.4754286,-111.9658904,Camelback East,135.6732474
40131091022,633953,0,33.4985792,-112.1213035,Alhambra,156.6529561
40131085023,325284,0,33.5002218,-112.0345398,Camelback East,80.37930282
40131125023,301058,0,33.4715218,-112.1905751,Maryvale,74.39293709
40131162053,162766,0,33.3800267,-111.9848889,South Mountain,40.22029243
40131166051,603458,0,33.3810389,-112.164163,Laveen,149.1174891
40136148002,721529,0,33.672812,-112.0874397,Deer Valley,178.2934235
40136188001,396519,0,33.6443012,-112.0943939,Deer Valley,97.9818275
40136192002,323331,0,33.6439636,-112.0590222,Deer Valley,79.89670676
40136197002,380592,0,33.6534089,-111.9911626,Paradise Valley,94.04618616
40131042121,202247,0,33.6088443,-112.1486745,North Mountain,49.97624494
40131044013,156585,0,33.5947227,-112.1017135,North Mountain,38.69293643
40131047023,406813,0,33.5730203,-112.053551,North Mountain,100.5255264
40131043012,848720,0,33.5857723,-112.1286768,North Mountain,209.7229556
40131067032,765991,6635,33.5267209,-112.0882144,Alhambra,189.2802061
40131068023,321662,0,33.5277435,-112.1018172,Alhambra,79.48428851
40131090022,466665,0,33.5058416,-112.1093871,Alhambra,115.3152548
40131105022,653339,0,33.4838713,-112.0694237,Encanto,161.4433336
40131112031,416981,0,33.453377,-111.974501,Camelback East,103.03809
40131173002,584016,0,33.4331259,-112.1036392,Central City,144.3132737
40131067012,135380,0,33.5329034,-112.0975103,Alhambra,33.4530749
40131076013,655775,0,33.5128536,-112.060623,Camelback East,162.0452814
40131091023,348245,0,33.498379,-112.127942,Alhambra,86.05308073
40131166101,1276630,0,33.366554,-112.1604636,Laveen,315.4616562
40131056012,642714,0,33.5567146,-112.121269,North Mountain,158.817843
40131057022,644068,0,33.5567049,-112.1385801,North Mountain,159.1524231
40131130002,742031,0,33.4636769,-112.0744162,Central City,183.3595703
40136147001,13770484,58806,33.6893967,-112.0876317,Deer Valley,3402.755449
40136166002,618883,0,33.6583151,-112.0956323,Deer Valley,152.9290837
40136165003,648120,0,33.6583375,-112.1041237,Deer Valley,160.1536926
40136168003,649732,0,33.6584875,-112.0612716,Deer Valley,160.5520259
40136181002,634782,0,33.6508732,-112.1647896,Deer Valley,156.8578061
40131167301,4413382,750,33.3005447,-112.1205438,Ahwatukee Foothills,1090.568759
40131167331,64322002,873,33.3433655,-112.0696822,Ahwatukee Foothills,15894.2883
40130820281,548467,0,33.4685255,-112.2416771,Maryvale,135.528938
40131032193,533099,0,33.6365122,-111.9348388,Paradise Valley,131.7314284
40131036153,394820,0,33.5844355,-112.0958587,North Mountain,97.5619961
40131090021,239904,0,33.5077736,-112.1030883,Alhambra,59.28147792
40131122022,311118,0,33.4715005,-112.1472969,Maryvale,76.87881339
40131085022,162272,0,33.50387,-112.0323762,Camelback East,40.09822256
40131073003,449896,0,33.513174,-112.1092542,Alhambra,111.1715511
40131089011,283726,0,33.4968106,-112.0868316,Encanto,70.11011323
40130820072,640089,0,33.4978892,-112.2507465,Maryvale,158.1691923
40131051011,1918026,0,33.5760247,-112.0024737,Paradise Valley,473.9538147
40131157003,696547,0,33.396164,-112.0862418,South Mountain,172.1202464
40131140001,358267,0,33.4498423,-112.0533406,Central City,88.52956704
40131132022,415806,0,33.4535625,-112.0606715,Central City,102.7477416
40131118001,623697,0,33.476746,-112.0693539,Encanto,154.1186472
40131042022,1325398,0,33.6214884,-112.1422992,Deer Valley,327.5124728
40130820092,651839,0,33.4833645,-112.2508262,Maryvale,161.0726761
40131167033,606323,0,33.3740351,-112.061476,South Mountain,149.8254449
40131167361,571171,0,33.3742797,-112.0693945,South Mountain,141.13921
40131166053,687503,0,33.3882192,-112.1555247,Laveen,169.8854288
40131161001,649315,0,33.403336,-112.016902,South Mountain,160.4489831
40131125171,510456,0,33.4116654,-112.2176311,Estrella,126.1362299
40131166151,640473,0,33.3886366,-112.0948413,South Mountain,158.2640807
40131167382,734511,0,33.3756815,-112.0066188,South Mountain,181.5013407
40131167362,755923,0,33.3741074,-112.0782808,South Mountain,186.7923529
40131167182,398665,34195,33.3291113,-111.9825365,Ahwatukee Foothills,98.51211483
40131156002,1275420,0,33.3994942,-112.1035521,South Mountain,315.1626591
40131166141,1294040,0,33.3813456,-112.0905365,South Mountain,319.7637542
40136100022,62638377,48476,33.8212284,-112.1868987,North Gateway,15478.25615
40131164004,475374,0,33.3813636,-112.0614592,South Mountain,117.4672923
40131160004,929440,0,33.3963241,-112.0406705,South Mountain,229.6692712
40131166103,2471860,103256,33.3670756,-112.1395911,Laveen,610.8089653
40131125162,1160370,0,33.4264049,-112.1961029,Estrella,286.7332289
40131125163,1218866,0,33.433508,-112.1955856,Estrella,301.1878829
40131125173,572594,0,33.4194056,-112.2175181,Estrella,141.4908404
40131167323,4958525,0,33.350947,-112.1101258,South Mountain,1225.27632
40131167383,1984289,0,33.3723245,-112.0229987,South Mountain,490.3277333
40131166162,1301607,0,33.3849691,-112.1034538,South Mountain,321.6335977
40131166171,2148360,0,33.3663069,-112.1121077,South Mountain,530.8704978
40131167352,754579,0,33.3668402,-112.0782428,South Mountain,186.4602438
40131167371,1273290,0,33.3741124,-112.0398227,South Mountain,314.6363255
40131125172,1484942,0,33.4156205,-112.2090709,Estrella,366.9365929
40131166152,644800,0,33.3885964,-112.0862503,South Mountain,159.333304
40131125161,2779413,0,33.4295233,-112.1785741,Estrella,686.8068494
40131167351,539387,0,33.3669276,-112.0695867,South Mountain,133.2852246
40131104001,594345,0,33.4913101,-112.0873288,Encanto,146.8656212
40131125103,815194,0,33.4302753,-112.2353233,Estrella,201.4385134
40130822053,748919,0,33.4268399,-112.2430693,Estrella,185.0616295
40131157004,583183,0,33.403405,-112.0862413,South Mountain,144.1074352
40131148003,4089944,2061,33.4178087,-112.0901656,Central City,1010.645612
40131159003,621858,0,33.3961624,-112.0516286,South Mountain,153.6642211
40136100024,3379963,0,33.8640132,-112.1576613,Rio Vista,835.2057571
40131144022,848936,0,33.4418563,-112.1040607,Central City,209.7763303
40131072012,444513,0,33.5136278,-112.120131,Alhambra,109.8413849
40131116022,690864,0,33.4693005,-112.042988,Encanto,170.7159487
40131033022,755128,0,33.6168596,-111.9996635,Paradise Valley,186.5959044
40131032101,294176,0,33.6082925,-111.9800557,Paradise Valley,72.69236048
40131172003,2500121,0,33.4323408,-112.050913,Central City,617.7923997
40136100021,154651742,3501526,33.9461804,-112.2052186,Rio Vista,38215.21871
40131149003,1360613,0,33.4248686,-112.0742219,Central City,336.2142754
40131168004,852183,0,33.4564246,-112.1040365,Central City,210.5786802
40131168003,2252201,0,33.4718849,-112.1058099,Encanto,556.5301281
40131149002,738042,0,33.4326657,-112.0694784,Central City,182.3738684
40131034004,748584,4799,33.5998522,-112.0019637,Paradise Valley,184.9788493
40131034003,534964,0,33.6043111,-112.0114191,Paradise Valley,132.1922792
40131125151,766187,0,33.4149757,-112.1890889,Estrella,189.3286386
40131125191,658085,0,33.4695101,-112.2076238,Maryvale,162.6160939
40131125212,281947,0,33.4642229,-112.1992473,Maryvale,69.67051344
40131125242,582620,0,33.4641139,-112.2119187,Maryvale,143.9683151
40131094012,647502,0,33.4985927,-112.1732378,Maryvale,160.0009817
40131131003,566913,0,33.4540078,-112.0727122,Central City,140.0870369
40131167084,1118578,9014,33.3434417,-111.9859587,Ahwatukee Foothills,276.4062167
40131158021,647545,0,33.4030824,-112.0776925,South Mountain,160.0116072
40131125122,9094225,4914,33.4488096,-112.1726249,Estrella,2247.228469
40131148002,507280,0,33.4323795,-112.0963638,Central City,125.3514244
40131125102,1709464,0,33.4299227,-112.2271121,Estrella,422.4171017
40131125223,697726,0,33.4535732,-112.1941309,Estrella,172.4115832
40131125222,321218,0,33.4569976,-112.1907998,Estrella,79.37457389
40131125221,1030938,0,33.4596051,-112.1956819,Estrella,254.7499345
40131070011,652561,0,33.52756,-112.1472453,Alhambra,161.2510859
40131070012,654222,0,33.5348256,-112.1472183,Alhambra,161.6615273
40131044022,2320276,25320,33.5792297,-112.1095653,North Mountain,573.351801
40131070022,644023,0,33.5275793,-112.1385689,Alhambra,159.1413034
40131140003,195643,0,33.4498199,-112.062041,Central City,48.34436352
40131049004,784163,0,33.5896884,-112.0070731,Paradise Valley,193.7705981
40131138001,953077,14463,33.4395595,-111.9726045,Camelback East,235.5100921
40131138007,1248847,0,33.4478222,-112.0215421,Central City,308.5963379
40131138006,11668934,1843,33.430385,-112.0149214,Central City,2883.451936
40131125232,634545,0,33.4764724,-112.2249303,Maryvale,156.7992422
40131138004,956365,23042,33.4476208,-111.9882286,Central City,236.3225733
40131138003,1038878,0,33.4471698,-111.9752023,Camelback East,256.7119482
40131125042,144894,0,33.479093,-112.1921349,Maryvale,35.80403187
40131160001,573683,0,33.4032525,-112.0337116,South Mountain,141.7599377
40131092003,456853,0,33.5017727,-112.1362571,Alhambra,112.8906606
40131101002,320727,0,33.4840782,-112.1364911,Maryvale,79.25324534
40131111003,1181318,12329,33.4890357,-111.9719577,Camelback East,291.9095844
40131084003,323339,0,33.4985194,-112.0280368,Camelback East,79.8986836
40131036094,194337,0,33.6128904,-112.1020568,North Mountain,48.02164439
40131112012,569044,0,33.4766222,-111.974195,Camelback East,140.6136176
40131136013,648724,0,33.4623048,-111.9999091,Camelback East,160.302944
40130822121,1357916,0,33.4137033,-112.2849046,Estrella,335.5478332
40131033025,333806,0,33.6158428,-112.0072631,Paradise Valley,82.48513163
40136196021,1825722,12092,33.6511213,-112.0069569,Paradise Valley,451.1450348
40131137011,271289,0,33.4604417,-111.991013,Camelback East,67.03686835
40131033023,160740,0,33.6245759,-111.9981814,Paradise Valley,39.7196577
40136196011,753064,0,33.6473011,-111.9987922,Paradise Valley,186.0858797
40131137014,369764,0,33.4613542,-111.9806185,Camelback East,91.37053322
40131137013,290137,0,33.4638676,-111.9910064,Camelback East,71.69430339
40136170022,575159,0,33.6659958,-112.017528,Paradise Valley,142.1246647
40136170023,674254,0,33.6659631,-112.0258793,Paradise Valley,166.6115347
40136170021,642721,0,33.6587502,-112.0179334,Paradise Valley,158.8195727
40130822131,644543,0,33.4318732,-112.2853976,Estrella,159.269798
40131088023,184570,4960,33.5043386,-112.0802915,Alhambra,45.60816985
40131077006,394581,0,33.5200855,-112.0415427,Camelback East,97.50293801
40131074012,328839,0,33.5130125,-112.0846625,Alhambra,81.2577611
40131074021,323855,0,33.5113646,-112.0955281,Alhambra,80.02618978
40131074011,651109,0,33.5203021,-112.0868056,Alhambra,160.8922894
40131147051,1297112,0,33.4260087,-112.1258593,Estrella,320.5228608
40131147041,1296138,0,33.4332564,-112.1259049,Estrella,320.2821805
40136170025,530352,0,33.6711188,-112.0222463,Paradise Valley,131.052631
40131074031,156557,0,33.5150256,-112.0977021,Alhambra,38.68601749
40131074041,634076,0,33.520407,-112.095454,Alhambra,156.68335
40136152011,11545227,9150,33.6785364,-111.9410953,Desert View,2852.883318
40136152022,1742344,0,33.6768791,-111.9697084,Desert View,430.5419141
40136146022,1483537,0,33.6775058,-112.1180777,Deer Valley,366.5894104
40136123011,15003283,150183,33.7103051,-112.072842,Deer Valley,3707.386246
40131077005,247558,0,33.5201854,-112.0458395,Camelback East,61.17281959
40131074013,326676,0,33.5130895,-112.0890309,Alhambra,80.72327298
40136108002,27702384,46288,33.7926788,-112.2505551,North Gateway,6845.397598
40136100023,3097823,0,33.8835476,-112.1526039,Rio Vista,765.4875524
40136145002,627013,0,33.6875895,-112.1296782,Deer Valley,154.9380474
40136143001,10982532,214580,33.6918675,-112.1616595,Deer Valley,2713.83857
40136165001,615393,0,33.6653695,-112.1041323,Deer Valley,152.0666873
40131033051,325434,0,33.6368618,-112.0286376,Paradise Valley,80.41636857
40131101004,321551,0,33.4840835,-112.1407959,Maryvale,79.45685986
40131032062,1592209,0,33.6067678,-111.9510352,Paradise Valley,393.4428049
40131094023,332496,0,33.5058132,-112.1709937,Maryvale,82.16142408
40131070021,642534,0,33.5348452,-112.1385758,Alhambra,158.7733641
40130820102,817539,0,33.4843594,-112.2421651,Maryvale,202.0179746
40131139002,1535504,0,33.4441308,-112.0426704,Central City,379.4307159
40131063003,636148,14714,33.5484315,-112.0622849,Camelback East,157.1953515
40131069003,648690,0,33.5276041,-112.1299154,Alhambra,160.2945425
40131172002,4132730,0,33.4226317,-112.0428431,Central City,1021.218247
40131140004,708599,0,33.446307,-112.056425,Central City,175.0983559
40131138005,1264400,22,33.4457942,-112.0067498,Central City,312.439562
40130820123,525626,0,33.4968908,-112.2937707,Maryvale,129.8848127
40131125231,1291673,0,33.4726333,-112.2335235,Maryvale,319.1788567
40131125202,656251,0,33.4765951,-112.2163114,Maryvale,162.1629034
40131097072,341808,0,33.4892545,-112.2075118,Maryvale,84.46246584
40130822132,1293115,0,33.4284097,-112.2767845,Estrella,319.5351821
40131097071,162943,0,33.4930111,-112.2054079,Maryvale,40.26403002
40131032072,1766737,0,33.6032041,-111.9328845,Paradise Valley,436.5695464
40131099002,555490,3674,33.4931583,-112.180314,Maryvale,137.2643565
40131032161,647554,0,33.6368909,-111.9646308,Paradise Valley,160.0138312
40131088021,324618,0,33.50751,-112.078119,Alhambra,80.21473089
40130820162,3053120,0,33.4956823,-112.2604023,Maryvale,754.4412176
40130822043,3127945,17733,33.4283984,-112.2641023,Estrella,772.9308492
40130822133,636787,0,33.4246024,-112.2853334,Estrella,157.3532516
40131125211,294712,0,33.4642943,-112.1907691,Maryvale,72.82480876
40131125192,650455,0,33.4693577,-112.2163088,Maryvale,160.7306828
40131125243,1874469,0,33.4570423,-112.2295586,Estrella,463.1906622
40131125241,592132,0,33.4638614,-112.2293407,Maryvale,146.3187779
40131097073,160401,0,33.4929671,-112.2097374,Maryvale,39.63588911
40131160002,710891,0,33.4032405,-112.0423761,South Mountain,175.6647206
40131125233,641519,0,33.469194,-112.2249385,Maryvale,158.5225525
40131092004,277551,0,33.5069412,-112.1459147,Alhambra,68.58423986
40131167322,1314104,0,33.3646465,-112.088282,South Mountain,324.7216689
40131166172,2978405,0,33.3716191,-112.0981142,South Mountain,735.9787675
40131167341,921945,0,33.3599841,-112.072269,South Mountain,227.8172192
40130822122,1208846,0,33.4137367,-112.2764778,Estrella,298.7118908
40131125182,9791050,45167,33.4025734,-112.2191866,Estrella,2419.41741
40131125141,15773139,0,33.4171427,-112.1569559,Estrella,3897.621513
40131125153,854753,0,33.4195259,-112.1974137,Estrella,211.2137401
40131167032,644837,0,33.3669446,-112.0616747,South Mountain,159.3424469
40131125152,988720,0,33.4122999,-112.198161,Estrella,244.3176556
40131166161,1291494,0,33.3849866,-112.1121002,South Mountain,319.1346249
40131157001,653721,0,33.4031623,-112.0949317,South Mountain,161.5377277
40136150023,4752513,0,33.6787605,-112.0037537,Desert View,1174.369725
40131125201,631836,0,33.4767598,-112.2076365,Maryvale,156.1298348
40131094011,328538,0,33.4968541,-112.1820503,Maryvale,81.18338249
40131094022,494996,0,33.504041,-112.1797861,Maryvale,122.3159866
40136150013,4318836,4849,33.6920585,-112.0075852,Desert View,1067.20597
40136150011,1097806,0,33.6937672,-111.989154,Desert View,271.2733516
40136170011,1022408,0,33.6752334,-112.0225055,Paradise Valley,252.6421288
40136130003,3369043,0,33.7790088,-111.9436568,Desert View,832.5073705
40136146011,233418,0,33.6727846,-112.1274984,Deer Valley,57.67875489
40130820173,1414335,0,33.4670631,-112.2618391,Maryvale,349.4892502
40136152021,1413449,0,33.6945285,-111.9585386,Desert View,349.2703151
40136146013,501178,0,33.6745322,-112.1298104,Deer Valley,123.8435897
40136113004,940815,0,33.7912304,-112.1143676,North Gateway,232.4800906
40136146021,416654,0,33.6732096,-112.1235777,Deer Valley,102.9572867
40136146012,610776,0,33.6793238,-112.1317628,Deer Valley,150.9258035
40136120002,9387925,4282,33.7921719,-112.0774513,Desert View,2319.803207
40136123012,4598041,0,33.71336,-112.1085945,Deer Valley,1136.198921
40136124022,50095864,21369,33.7508957,-112.0319677,Desert View,12378.93847
40136122002,20848066,2618,33.7526141,-112.0901571,Desert View,5151.661349
40136123022,2185784,0,33.7377169,-112.1174007,Deer Valley,540.1181553
40136124012,2257161,0,33.6980415,-112.0425791,Desert View,557.7557689
40136123023,692102,0,33.7295462,-112.1093373,Deer Valley,171.0218647
40136120003,1315129,0,33.7754049,-112.105195,North Gateway,324.9749515
40130822062,388242,0,33.4200312,-112.2417497,Estrella,95.93653941
40136124011,1204487,0,33.694477,-112.0320683,Desert View,297.6347601
40136113006,1556600,0,33.7920172,-112.1057801,North Gateway,384.643643
40136150021,2961382,30574,33.6631115,-111.9832761,Desert View,731.7722991
40136150022,1010953,0,33.6824106,-111.9972024,Desert View,249.8115411
40131166054,640290,0,33.3884244,-112.1640207,Laveen,158.2188605
40131167381,2580147,0,33.3728308,-111.9839544,South Mountain,637.5672244
40131167372,1889920,0,33.3645274,-112.0415834,South Mountain,467.0086816
40130822063,5686600,286808,33.4031172,-112.2497615,Estrella,1405.187293
40131167273,2134811,0,33.2961144,-112.0727579,Ahwatukee Foothills,527.5224722
40136189005,154060,0,33.641978,-112.0763505,Deer Valley,38.0689963
40136191001,193561,0,33.6424678,-112.0633859,Deer Valley,47.82989091
40136193003,324032,0,33.6531892,-112.0351902,Paradise Valley,80.06992736
40131097061,627685,0,33.4838329,-112.2076134,Maryvale,155.1041019
40131138002,949492,8366,33.4445426,-111.965809,Camelback East,234.6242207
40131137021,284829,0,33.4543483,-111.9806764,Camelback East,70.38267005
40131137022,954196,92,33.455455,-111.9883493,Camelback East,235.7866026
40131137012,324900,0,33.4622117,-111.9849198,Camelback East,80.2844145
40131136012,476221,9641,33.454961,-111.9980636,Camelback East,117.6765902
40139810001,643550,0,33.4549546,-112.0258494,Central City,159.0244228
40131032104,788859,0,33.601393,-111.9862704,Paradise Valley,194.9310032
40131166072,1928308,722,33.4024183,-112.123017,Laveen,476.4945483
40131158012,655287,0,33.3959183,-112.0689812,South Mountain,161.9246941
40131118004,674916,0,33.4694957,-112.0695127,Encanto,166.7751182
40136170024,644501,0,33.6586867,-112.0265551,Paradise Valley,159.2594196
40131142001,1283985,0,33.4405135,-112.0737432,Central City,317.2791134
40131058002,645174,0,33.542147,-112.1386059,Alhambra,159.4257213
40131036091,743433,0,33.6150316,-112.112044,North Mountain,183.7060115
40131048022,584751,0,33.5937168,-112.0230226,Paradise Valley,144.4948959
40131072022,645440,0,33.5203994,-112.121255,Alhambra,159.4914512
40131145001,630896,0,33.4476211,-112.1217809,Estrella,155.8975561
40131124013,329598,0,33.475133,-112.1738286,Maryvale,81.44531379
40131074032,164491,0,33.5149639,-112.0934023,Alhambra,40.64654856
40136152012,9715944,189250,33.6549355,-111.9544984,Desert View,2400.858342
40136152023,2223162,0,33.6856355,-111.9637513,Desert View,549.354446
40131094013,324631,0,33.5004487,-112.1820268,Maryvale,80.21794326
40131125181,597180,0,33.4196367,-112.2342449,Estrella,147.5661639
40131094021,499130,0,33.5077006,-112.1797824,Maryvale,123.3375187
40136123021,784936,0,33.733237,-112.1060949,Deer Valley,193.9616103
40136113005,8285967,5658,33.7753678,-112.1225346,North Gateway,2047.503876
40136146023,136791,0,33.6744258,-112.1191407,Deer Valley,33.80174006
40136113003,661488,0,33.7808689,-112.1106186,North Gateway,163.4569922
40131096041,727881,0,33.5049183,-112.2070324,Maryvale,179.8630345
40136124021,2307784,0,33.7095403,-112.0255443,Desert View,570.2649653
40136150012,744516,0,33.687752,-111.9978972,Desert View,183.9736262
40136115004,2038422,0,33.7230865,-112.1815986,Deer Valley,503.7042683
40131055031,53545,0,33.5596482,-112.1014337,North Mountain,13.23123723
40136115003,518792,0,33.7256562,-112.1724227,Deer Valley,128.1960972
40131122012,510584,0,33.4688118,-112.1388095,Maryvale,126.1678593
40131032163,646115,0,33.631721,-111.9746089,Paradise Valley,159.6582471
40131045023,617619,0,33.578477,-112.0954193,North Mountain,152.616743
40131040002,639320,0,33.6072345,-112.1208946,North Mountain,157.9791686
40131032162,897197,0,33.6296347,-111.9664118,Paradise Valley,221.7018647
40131058004,661550,0,33.5494286,-112.1472676,Alhambra,163.4723128
40131113002,644603,0,33.4766858,-111.9912882,Camelback East,159.2846243
40131104002,622069,0,33.4840549,-112.0872289,Encanto,153.7163602
40131086022,601160,4477,33.5010494,-112.049704,Camelback East,148.5496418
40131148001,806904,0,33.4335596,-112.088161,Central City,199.3900129
40131039002,420609,0,33.5982322,-112.1054889,North Mountain,103.9345869
40131058003,648542,0,33.5420954,-112.1472273,Alhambra,160.2579709
40131045012,293228,0,33.5731796,-112.0951912,North Mountain,72.45810494
40131052003,638780,0,33.5641193,-112.0609911,North Mountain,157.8457319
40136106001,5694700,28572,33.8081662,-112.1032252,North Gateway,1407.188844
40131032102,365149,0,33.6087504,-111.9850546,Paradise Valley,90.23014365
40131072021,647489,0,33.5203513,-112.1299153,Alhambra,159.9977693
40136183002,700167,0,33.6434429,-112.1387691,Deer Valley,173.0147665
40136189001,643260,0,33.6439002,-112.06985,Deer Valley,158.9527623
40136115001,2208596,0,33.7233554,-112.1686428,Deer Valley,545.7551146
40136119001,8806737,0,33.7210512,-112.1327572,Deer Valley,2176.188746
40136120001,3998245,0,33.7748996,-112.0915483,North Gateway,987.9863307
40136122001,2126622,0,33.7428824,-112.1051762,North Gateway,525.4989293
40136130002,1834140,0,33.7772187,-111.9599254,Desert View,453.2251647
40131066001,1301123,0,33.53107,-112.0780701,Alhambra,321.5139989
40131042073,168683,0,33.6270535,-112.1313603,Deer Valley,41.68241272
40131042071,825182,0,33.6365572,-112.1274961,Deer Valley,203.9065981
40131069002,648638,0,33.527636,-112.1212359,Alhambra,160.281693
40131032081,1331606,0,33.5863184,-111.9868106,Paradise Valley,329.0465006
40131153002,2365389,0,33.4133191,-112.0562258,South Mountain,584.4994488
40131116023,440190,0,33.4752383,-112.0430159,Encanto,108.77315
40130820071,646278,0,33.5051464,-112.2507086,Maryvale,159.6985252
40131032121,890208,0,33.6207621,-111.9642024,Paradise Valley,219.9748478
40131036122,590283,0,33.6291087,-112.0695339,North Mountain,145.8618807
40131167211,681529,0,33.3084788,-112.0223466,Ahwatukee Foothills,168.4092235
40131042041,709052,11362,33.5886856,-112.1533766,North Mountain,175.2102945
40131167192,1205767,0,33.3125818,-111.9763806,Ahwatukee Foothills,297.9510545
40131167102,1425738,0,33.3379156,-112.0032506,Ahwatukee Foothills,352.3069885
40131167142,1697275,0,33.2974093,-112.0266262,Ahwatukee Foothills,419.4051389
40131152003,1832779,0,33.4121331,-112.0213027,South Mountain,452.8888548
40131107021,718536,8860,33.4852792,-112.0350456,Camelback East,177.5538383
40131077001,678777,0,33.5203179,-112.0345135,Camelback East,167.7291906
40131034002,596692,0,33.6047921,-111.999032,Paradise Valley,147.4455767
40131046002,645578,0,33.571392,-112.0695251,North Mountain,159.5255517
40131081001,1452097,16185,33.5033702,-111.9805171,Camelback East,358.8204292
40131032051,1592464,0,33.6041471,-111.966059,Paradise Valley,393.5058167
40131061004,522278,0,33.5413589,-112.0866451,Alhambra,129.0575052
40131053002,932806,12789,33.5635644,-112.0718474,North Mountain,230.5010266
40131032123,858497,0,33.6212089,-111.9738427,Paradise Valley,212.1389012
40131059003,977932,0,33.5440053,-112.1212939,Alhambra,241.6518869
40131126012,537681,0,33.4636498,-112.1419698,Maryvale,132.8636635
40136130001,4820457,1855,33.7751214,-111.9684362,Desert View,1191.159027
40131111001,1684423,20901,33.485469,-111.9565087,Camelback East,416.2293454
40130820091,651837,0,33.4906281,-112.2508067,Maryvale,161.0721819
40130820101,480328,0,33.4916043,-112.2420613,Maryvale,118.6914504
40130820121,555208,0,33.5046341,-112.2937968,Maryvale,137.1946728
40131042251,597734,16877,33.6360322,-112.155563,Deer Valley,147.7030601
40131042252,1286084,0,33.6287507,-112.15976,Deer Valley,317.7977868
40131042253,610874,0,33.6357295,-112.1644274,Deer Valley,150.9500198
40131042261,418548,0,33.6367386,-112.1479156,Deer Valley,103.4253035
40131042262,688592,0,33.6360172,-112.1387475,Deer Valley,170.1545262
40131042263,242525,0,33.6279294,-112.1358256,Deer Valley,59.92914013
40131069001,653826,0,33.5349082,-112.1212502,Alhambra,161.5636737
40131069004,653702,0,33.5348833,-112.1299504,Alhambra,161.5330327
40131071011,611576,0,33.5205526,-112.147211,Alhambra,151.1234875
40131110002,462566,0,33.4906111,-111.9904766,Camelback East,114.3023714
40131110004,459591,0,33.485324,-111.9848339,Camelback East,113.5672341
40131112011,161259,0,33.4791325,-111.9652636,Camelback East,39.8479052
40131112013,632652,0,33.4691887,-111.9739509,Camelback East,156.3314725
40131112021,895521,0,33.4605544,-111.9738762,Camelback East,221.2877167
40131048011,1598682,0,33.5782461,-112.0211262,Paradise Valley,395.0423156
40131073004,709699,0,33.5167832,-112.1145823,Alhambra,175.3701714
40131045013,288874,0,33.5729551,-112.0873371,North Mountain,71.38220977
40131045021,362279,0,33.5779543,-112.0841833,North Mountain,89.5209523
40131045022,362185,0,33.5782295,-112.0886977,North Mountain,89.49772443
40131071012,640735,0,33.520344,-112.1385429,Alhambra,158.3288222
40131071021,340548,0,33.5113794,-112.1469772,Alhambra,84.15111354
40131071023,544824,0,33.5126039,-112.1381215,Alhambra,134.6287345
40131072011,853700,0,33.5128249,-112.1284038,Alhambra,210.9535385
40131073001,933296,0,33.5204711,-112.1059707,Alhambra,230.6221081
40131073002,482350,0,33.5132267,-112.103047,Alhambra,119.1910968
40131113004,657560,0,33.4730703,-111.9803392,Camelback East,162.4863638
40131075002,1301820,0,33.5201705,-112.0737104,Alhambra,321.6862311
40131112041,6551667,85288,33.4585599,-111.9550359,Camelback East,1618.949674
40131113001,675748,0,33.4728335,-111.9847886,Camelback East,166.9807095
40131113005,321922,0,33.4711769,-111.9913073,Camelback East,79.54853581
40131115021,642797,6782,33.4762092,-112.0263879,Camelback East,158.8383527
40131114011,661859,0,33.4767926,-112.0085561,Camelback East,163.5486682
40131114021,656478,0,33.4767657,-111.9998648,Camelback East,162.2189962
40131115011,701867,6106,33.4685018,-112.0256724,Encanto,173.434845
40131167031,2218970,0,33.3664952,-112.0553832,South Mountain,548.3185819
40131167071,611304,0,33.3468146,-111.9936409,Ahwatukee Foothills,151.0562749
40131167072,722052,0,33.3536945,-111.991511,Ahwatukee Foothills,178.4226595
40131106004,1293245,5122,33.4844296,-112.0598325,Encanto,319.5673057
40131053001,888059,7218,33.5549573,-112.0726403,North Mountain,219.4438192
40131053003,807370,5996,33.560989,-112.0798849,North Mountain,199.5051639
40131056021,281581,0,33.5565274,-112.1275187,North Mountain,69.58007301
40131057012,673378,0,33.5568364,-112.1473484,North Mountain,166.3950707
40131066002,1301993,0,33.5310306,-112.0693696,Alhambra,321.7289803
40131075003,654309,0,33.5129454,-112.0781009,Alhambra,161.6830254
40131086012,429527,3886,33.4959746,-112.0569306,Encanto,106.1382693
40131088022,518296,4921,33.5063801,-112.0682967,Alhambra,128.0735331
40131114012,663452,0,33.4694101,-112.0085554,Camelback East,163.9423065
40131090023,236371,0,33.5041586,-112.1030857,Alhambra,58.40845596
40131114022,660029,0,33.4693877,-111.9998822,Camelback East,163.096466
40131071022,464107,0,33.5152647,-112.1459989,Alhambra,114.6831602
40131085024,483765,0,33.5062625,-112.0352666,Camelback East,119.5407503
40131090031,237755,0,33.499671,-112.10631,Alhambra,58.75044928
40131090033,161516,0,33.5004167,-112.1106334,Alhambra,39.91141118
40131090034,162375,0,33.4968209,-112.11068,Alhambra,40.12367438
40131097032,705853,0,33.490737,-112.2163948,Maryvale,174.4198056
40131096032,304759,0,33.5035455,-112.22371,Maryvale,75.3074727
40131096034,356788,0,33.4965505,-112.2247084,Maryvale,88.16409874
40131097023,300857,0,33.483525,-112.2300557,Maryvale,74.34326899
40130820083,429045,0,33.5061163,-112.2428063,Maryvale,106.0191647
40131097052,255579,0,33.4857148,-112.225166,Maryvale,63.1548488
40131122021,339934,0,33.467868,-112.1475553,Maryvale,83.99939107
40130820161,2141655,1855,33.4867071,-112.2682581,Maryvale,529.2136588
40130820181,655988,0,33.4760737,-112.2508535,Maryvale,162.0979147
40130820282,732245,0,33.4689627,-112.2502876,Maryvale,180.9414007
40136187001,644438,0,33.6510264,-112.0871449,Deer Valley,159.243852
40136186003,1174679,0,33.6437917,-112.107858,Deer Valley,290.2690543
40136187002,614428,0,33.6510469,-112.0956202,Deer Valley,151.8282309
40136188002,220992,0,33.6428665,-112.0977245,Deer Valley,54.60822816
40136193001,660628,0,33.6513325,-112.0439312,Paradise Valley,163.2444819
40136188003,366579,0,33.6436152,-112.085479,Deer Valley,90.5835038
40136188004,274010,0,33.6419848,-112.0900553,Deer Valley,67.70924105
40136190001,326659,0,33.6512098,-112.0633863,Deer Valley,80.7190722
40136194001,646300,0,33.644101,-112.0351756,Paradise Valley,159.7039615
40136195001,647662,0,33.651431,-112.0265209,Paradise Valley,160.0405185
40136195002,645491,0,33.6514711,-112.0178804,Paradise Valley,159.5040536
40136197001,648083,0,33.6515831,-111.9817292,Paradise Valley,160.1445497
40136197003,379626,0,33.6497759,-111.9911508,Paradise Valley,93.80748273
40131032192,588279,0,33.6339729,-111.9405904,Paradise Valley,145.3666823
40131032201,1082935,0,33.6159259,-111.9376324,Paradise Valley,267.5986532
40131037011,456779,0,33.6007945,-112.0403405,Paradise Valley,112.8723748
40131037012,1543081,0,33.6069899,-112.0517979,North Mountain,381.3030305
40136151001,811800,0,33.6861396,-111.98226,Desert View,200.599839
40136151002,1442975,0,33.6931034,-111.9763712,Desert View,356.5663374
40130820081,487350,0,33.4974546,-112.2429663,Maryvale,120.4266218
40130820082,383929,0,33.501601,-112.2401457,Maryvale,94.87077555
40130822071,8300738,0,33.3960683,-112.2936969,Estrella,2051.153863
40130822072,2495775,0,33.3993053,-112.2806826,Estrella,616.7184814
40131042052,314588,0,33.579511,-112.1299063,North Mountain,77.73626774
40131037013,572956,0,33.6078907,-112.0402288,Paradise Valley,141.5802924
40131037021,603072,0,33.5879116,-112.0510762,North Mountain,149.0221066
40131042021,622410,0,33.6142746,-112.1382257,North Mountain,153.8006231
40131047011,474012,0,33.5739481,-112.0626686,North Mountain,117.1307353
40131044011,1377202,0,33.5893468,-112.105337,North Mountain,340.3135002
40131044012,1015367,0,33.5882284,-112.1131078,North Mountain,250.9022625
40131044021,235901,0,33.5697786,-112.1023336,North Mountain,58.29231661
40131047012,263094,0,33.5801477,-112.0605828,North Mountain,65.01184287
40131047013,330295,0,33.578576,-112.0566547,North Mountain,81.61754598
40131032071,653816,0,33.6076852,-111.93889,Paradise Valley,161.5612027
40131032052,1043051,0,33.6044604,-111.9747175,Paradise Valley,257.7431174
40131032061,981590,0,33.6000506,-111.953329,Paradise Valley,242.555797
40131032082,599814,0,33.5962305,-111.9845918,Paradise Valley,148.2170385
40131032083,846137,0,33.5927938,-111.989307,Paradise Valley,209.0846834
40136164003,928134,0,33.6650104,-112.1190128,Deer Valley,229.3465521
40131032091,767691,0,33.5942279,-111.9745924,Paradise Valley,189.7002846
40131032093,3198678,4518,33.587699,-111.957682,Paradise Valley,790.4093272
40131046001,1354577,0,33.5786352,-112.0732913,North Mountain,334.7227496
40131046003,617748,3388,33.5722448,-112.0784056,North Mountain,152.6486195
40136133003,2083649,0,33.7351112,-111.9864438,Desert View,514.8800861
40136161001,417205,0,33.665984,-112.1660064,Deer Valley,103.0934415
40136161002,432916,0,33.6629487,-112.1588916,Deer Valley,106.9757082
40136161003,540785,0,33.6670787,-112.1576963,Deer Valley,133.6306774
40131077004,203878,0,33.5110621,-112.0415837,Camelback East,50.37927319
40136125001,3114971,0,33.778958,-111.9864617,Desert View,769.724909
40136125003,754233,0,33.7905156,-111.9824015,Desert View,186.3747455
40131077002,845095,0,33.5133331,-112.0361351,Camelback East,208.8272
40131077003,250061,0,33.512914,-112.0458513,Camelback East,61.79132341
40131117002,648401,0,33.4693651,-112.0520271,Encanto,160.2231291
40131078001,1464234,26336,33.5259577,-112.0198253,Camelback East,361.8195426
40131078002,2069496,53276,33.5174607,-112.0215379,Camelback East,511.3828091
40136127001,907630,0,33.7567735,-111.975658,Desert View,224.2799112
40136129001,1608050,0,33.7486794,-111.9661163,Desert View,397.3571953
40136129002,867461,0,33.7469744,-111.974554,Desert View,214.3539504
40131115024,405907,6018,33.4703371,-112.0188673,Camelback East,100.3016492
40131116011,602068,5283,33.4762036,-112.0334753,Encanto,148.7740131
40131116012,605292,0,33.4694602,-112.0342656,Encanto,149.5706797
40131116021,264641,0,33.478888,-112.0429064,Encanto,65.39411431
40131117001,650025,0,33.4765948,-112.0519933,Encanto,160.6244276
40131117003,657862,0,33.4693625,-112.0607306,Encanto,162.5609895
40131117004,647192,0,33.4766106,-112.0607245,Encanto,159.9243792
40131118002,665349,0,33.4693886,-112.0782578,Encanto,164.4110646
40131118003,690809,0,33.4766528,-112.078349,Encanto,170.7023579
40131119001,1273062,39430,33.475911,-112.0878363,Encanto,314.5799855
40131119002,622564,0,33.4693035,-112.0870711,Encanto,153.8386772
40131119003,645972,3093,33.4695315,-112.0974462,Encanto,159.6229111
40131167082,824596,21936,33.3436524,-111.9772335,Ahwatukee Foothills,203.7617946
40131167083,449229,0,33.3404181,-111.9744548,Ahwatukee Foothills,111.006732
40130927191,1882701,0,33.516602,-112.2812484,Maryvale,465.2248306
40130927192,685784,0,33.5120682,-112.280923,Maryvale,169.4606553
40131047024,229637,0,33.5798256,-112.050096,North Mountain,56.74445089
40131035022,678514,0,33.6008513,-112.0324242,Paradise Valley,167.664202
40131167283,1547526,7129,33.3170002,-112.0748718,Ahwatukee Foothills,382.4014122
40131167292,1562814,0,33.3142757,-112.0319424,Ahwatukee Foothills,386.1791535
40131167293,1673675,0,33.3186459,-112.0186764,Ahwatukee Foothills,413.5734609
40131167311,2398120,0,33.2970782,-112.1032592,Ahwatukee Foothills,592.5874426
40131047022,547099,0,33.5694271,-112.0556239,North Mountain,135.1908984
40131049002,647836,0,33.5862991,-112.0000818,Paradise Valley,160.0835148
40131051023,971237,0,33.5514708,-112.0427038,Camelback East,239.9975189
40131052004,665738,0,33.5602025,-112.0543822,North Mountain,164.5071885
40131055012,355748,0,33.5572764,-112.1150944,North Mountain,87.90710954
40131055032,576900,20253,33.5540123,-112.106598,North Mountain,142.5548745
40136165002,748845,0,33.6613415,-112.1111642,Deer Valley,185.0433437
40136164005,205257,0,33.6614322,-112.1205474,Deer Valley,50.72003099
40136169001,1626669,0,33.6629054,-112.040611,Paradise Valley,401.9580432
40136169002,601626,0,33.6567774,-112.0397894,Paradise Valley,148.6647927
40136169003,525397,0,33.6680621,-112.0343384,Paradise Valley,129.8282257
40136171001,1001232,0,33.6676721,-112.0059714,Paradise Valley,247.4094334
40136171002,323107,0,33.6660474,-112.0115182,Paradise Valley,79.84135524
40136172001,472200,0,33.6583728,-112.0033996,Paradise Valley,116.682981
40131032112,1302779,0,33.6189061,-111.9822,Paradise Valley,321.9232048
40131032094,1872505,47058,33.5774094,-111.9573438,Paradise Valley,462.705348
40131032103,491117,0,33.6060796,-111.993732,Paradise Valley,121.3574663
40131032111,704203,0,33.6227233,-111.9913002,Paradise Valley,174.0120823
40131032113,706655,0,33.615456,-111.9912316,Paradise Valley,174.6179838
40131032143,658440,0,33.61518,-111.9560962,Paradise Valley,162.7038162
40131032122,858140,0,33.6144513,-111.9695696,Paradise Valley,212.0506847
40131032141,695313,0,33.6152743,-111.9476669,Paradise Valley,171.8153189
40131032142,1244480,0,33.622477,-111.9516615,Paradise Valley,307.5172304
40131048021,736502,0,33.5910455,-112.0168666,Paradise Valley,181.9933267
40131065022,657167,0,33.5346052,-112.0518723,Camelback East,162.3892515
40131048023,1023387,0,33.5855772,-112.0288109,Paradise Valley,252.8840446
40131048024,575392,0,33.5934597,-112.0312406,Paradise Valley,142.1822402
40131048025,380587,0,33.5845481,-112.0175863,Paradise Valley,94.04495064
40131049001,640433,0,33.5935074,-112.0001282,Paradise Valley,158.2541965
40131049003,512343,0,33.5899463,-112.0114099,Paradise Valley,126.602517
40131043021,366241,45611,33.586585,-112.1200919,North Mountain,90.49998231
40131055011,932312,0,33.5615597,-112.1117057,North Mountain,230.3789568
40131060011,702933,0,33.5458512,-112.1145949,Alhambra,173.698259
40131060021,620195,0,33.5494866,-112.1081234,Alhambra,153.2532855
40131065012,655452,0,33.5273579,-112.0606151,Camelback East,161.9654665
40131122011,942479,0,33.4765097,-112.1397872,Maryvale,232.8912733
40131079001,5115405,2761,33.5121661,-111.9651038,Camelback East,1264.042153
40131079002,2014157,0,33.5181674,-111.9847808,Camelback East,497.7082655
40131121001,1620558,0,33.4757349,-112.1248913,Maryvale,400.4479846
40131121002,646204,0,33.4695547,-112.1301011,Maryvale,159.6802394
40131121003,323757,0,33.4677558,-112.1214532,Maryvale,80.00197349
40131123012,444696,0,33.4690889,-112.1657484,Maryvale,109.8866051
40131167103,845394,0,33.3235124,-112.0066631,Ahwatukee Foothills,208.9010844
40131123013,608050,0,33.4709143,-112.1587438,Maryvale,150.2521953
40131123021,262229,0,33.4769866,-112.1671248,Maryvale,64.79809705
40131167101,1556427,0,33.3305491,-112.007071,Ahwatukee Foothills,384.6008938
40131065023,326279,0,33.5255375,-112.0518538,Camelback East,80.6251723
40131167111,610661,32009,33.3298672,-111.9920343,Ahwatukee Foothills,150.8973864
40131167112,467097,0,33.3242903,-111.9928368,Ahwatukee Foothills,115.4220042
40131167121,1920647,0,33.2992007,-111.9790221,Ahwatukee Foothills,474.6014769
40131123025,346883,0,33.4750056,-112.1563511,Maryvale,85.71652372
40131124023,340174,0,33.4678878,-112.1734536,Maryvale,84.05869627
40131125072,296834,0,33.4643372,-112.1820245,Maryvale,73.34916557
40131125101,7765352,0,33.439747,-112.218207,Estrella,1918.857306
40131167321,507442,0,33.3577069,-112.0840181,South Mountain,125.3914554
40131060022,322451,0,33.5494807,-112.1018116,Alhambra,79.67925436
40131060031,424853,0,33.5418093,-112.1026181,Alhambra,104.9833006
40131060032,516279,0,33.5425922,-112.1086291,Alhambra,127.5751223
40131065021,325987,0,33.5291592,-112.0518664,Camelback East,80.55301764
40131067011,205624,0,33.5365571,-112.0971824,Alhambra,50.81071852
40131067013,292657,0,33.5347446,-112.0930961,Alhambra,72.31700799
40131067031,522406,0,33.5281926,-112.0958958,Alhambra,129.0891346
40136173001,383501,0,33.6574246,-111.9852256,Paradise Valley,94.76501461
40136172002,552334,0,33.6592345,-112.0096814,Paradise Valley,136.4844931
40136173002,312745,0,33.6571309,-111.9919881,Paradise Valley,77.28085323
40136173003,404533,0,33.6593272,-111.9973092,Paradise Valley,99.96212697
40131032092,636902,69339,33.5851602,-111.9748692,Paradise Valley,157.3816687
40131131002,372513,0,33.4565866,-112.0695118,Central City,92.04982487
40131125121,2484740,0,33.444442,-112.1951979,Estrella,613.9916777
40136192001,322816,0,33.6440023,-112.0503746,Deer Valley,79.76944768
40136189003,563132,91,33.6509057,-112.079069,Deer Valley,139.1527329
40136189004,569094,0,33.6449715,-112.0787596,Deer Valley,140.6259729
40136190002,640328,0,33.651259,-112.0525949,Deer Valley,158.2282504
40136190003,322409,0,33.6512142,-112.059037,Deer Valley,79.66887595
40136191002,132969,0,33.6460963,-112.0633333,Deer Valley,32.85730475
40136192003,323011,0,33.6439841,-112.0547002,Deer Valley,79.81763316
40136193002,325293,0,33.6495485,-112.0351914,Paradise Valley,80.38152677
40136194002,323930,0,33.6422399,-112.0438545,Paradise Valley,80.04472265
40136194003,325063,0,33.6458663,-112.0438745,Paradise Valley,80.32469262
40136198001,503166,0,33.6456399,-111.98446,Paradise Valley,124.3348344
40136198002,303564,0,33.6424075,-111.9796563,Paradise Valley,75.01218222
40131032171,622394,0,33.6375824,-111.9498392,Paradise Valley,153.7966694
40131032151,1381180,0,33.6369814,-111.9869389,Paradise Valley,341.2964839
40131032152,1329457,0,33.6297943,-111.9869082,Paradise Valley,328.515472
40131032164,407768,0,33.6382307,-111.972996,Paradise Valley,100.7615116
40131033021,602673,0,33.6224932,-112.0043945,Paradise Valley,148.9235117
40131032172,936281,0,33.6311931,-111.9472703,Paradise Valley,231.3597165
40131032173,813821,0,33.6307073,-111.9564045,Paradise Valley,201.0992382
40131032174,216538,0,33.6386456,-111.9572628,Paradise Valley,53.50762249
40131051012,2814367,0,33.5772938,-111.991176,Paradise Valley,695.4441575
40131051013,1263811,0,33.5712226,-112.0135919,Paradise Valley,312.2940172
40131115022,655746,0,33.4767682,-112.0172271,Camelback East,162.0381153
40131042123,645406,0,33.5999593,-112.146963,North Mountain,159.4830496
40131080002,2044493,5625,33.4956954,-111.9511396,Camelback East,505.2044428
40131123022,295135,0,33.4767737,-112.1633352,Maryvale,72.92933418
40131082001,423256,7533,33.5053015,-111.9931881,Camelback East,104.5886739
40131082002,488999,8515,33.4979921,-111.9831729,Camelback East,120.8340979
40131082003,644917,0,33.4986754,-111.9911398,Camelback East,159.3622153
40131124021,646935,0,33.4696048,-112.1821006,Maryvale,159.8608732
40136117004,1304092,0,33.7054057,-112.1566466,Deer Valley,322.2476537
40136118001,734711,0,33.7020633,-112.1473341,Deer Valley,181.5507617
40136118002,641025,0,33.7091071,-112.1479748,Deer Valley,158.4004826
40136118004,603673,0,33.7094156,-112.1392603,Deer Valley,149.1706167
40131123023,218468,0,33.4786544,-112.1589213,Maryvale,53.98453514
40131124011,331514,0,33.4786084,-112.1730127,Maryvale,81.91876697
40131124012,643202,0,33.4768873,-112.1821062,Maryvale,158.9384302
40131124022,312354,0,33.4714971,-112.1733869,Maryvale,77.18423517
40131125021,616043,0,33.4695053,-112.1992196,Maryvale,152.2273055
40131167131,268174,0,33.3018649,-111.9991036,Ahwatukee Foothills,66.26713627
40131125022,351193,0,33.4679159,-112.1909114,Maryvale,86.78154627
40131125041,1119372,0,33.4765076,-112.1951819,Maryvale,276.6024181
40131167123,1264479,0,33.2943526,-111.9888036,Ahwatukee Foothills,312.4590833
40131167132,774508,0,33.2933135,-112.0056156,Ahwatukee Foothills,191.3847993
40136126001,666212,0,33.7633357,-111.9893706,Desert View,164.6243163
40136127002,1385942,6787,33.7604827,-111.9815442,Desert View,342.4731979
40136128001,2193740,0,33.7467964,-111.9875678,Desert View,542.0841227
40131125142,3413340,821685,33.3999308,-112.1815458,Laveen,843.4533807
40131167133,484551,91044,33.2984431,-112.0020339,Ahwatukee Foothills,119.7349749
40131167134,495958,78103,33.2999281,-112.0080119,Ahwatukee Foothills,122.5537016
40131167135,393056,0,33.3034055,-112.0112628,Ahwatukee Foothills,97.12610288
40136199001,650835,0,33.6516381,-111.9684029,Paradise Valley,160.8245827
40136199004,687030,0,33.6443613,-111.9642897,Paradise Valley,169.7685482
40131083022,667538,0,33.4988415,-111.9997847,Camelback East,164.9519775
40131076022,653397,0,33.5128447,-112.0518835,Camelback East,161.4576657
40131083013,668384,0,33.5062049,-111.9997405,Camelback East,165.1610283
40131083021,666026,0,33.4988824,-112.0085793,Camelback East,164.5783547
40131109021,513364,0,33.4861814,-112.002024,Camelback East,126.8548112
40131108012,324256,0,33.4914446,-112.0194259,Camelback East,80.12527888
40131108013,325572,0,33.4915282,-112.0151124,Camelback East,80.45046906
40131109012,663782,0,33.4841678,-112.0085609,Camelback East,164.0238511
40131109022,808371,0,33.4888392,-111.9984497,Camelback East,199.752516
40136133001,21621706,4666,33.721486,-111.9516525,Desert View,5342.831661
40131036093,788259,2061,33.6193638,-112.1033272,North Mountain,194.7827402
40131045011,645212,23669,33.5699123,-112.0956241,North Mountain,159.4351113
40131063002,723395,15976,33.543636,-112.05377,Camelback East,178.7545215
40131171001,1179352,7473,33.4996074,-112.0699641,Encanto,291.423776
40131135021,644173,0,33.4549381,-112.01722,Central City,159.1783692
40131168001,978373,0,33.4566036,-112.1125547,Estrella,241.7608602
40131168002,1100510,0,33.4695769,-112.1140369,Maryvale,271.9415236
40131169001,3171282,20005,33.4884301,-112.1233353,Alhambra,783.6396386
40131170002,570059,9252,33.4886581,-112.1119801,Encanto,140.8644292
40131170003,541313,0,33.4840183,-112.10925,Encanto,133.7611489
40131172001,727920,0,33.432047,-112.0339241,Central City,179.8726716
40131033032,692689,0,33.6371585,-112.0087106,Paradise Valley,171.1669153
40136144002,998809,0,33.6755958,-112.1470642,Deer Valley,246.8106979
40131033031,1268005,0,33.6330611,-112.0004652,Paradise Valley,313.3303755
40131033033,589756,0,33.6301366,-112.0093849,Paradise Valley,145.7316564
40131033041,392902,0,33.6374147,-112.0171581,Paradise Valley,97.08804871
40131033042,239609,0,33.6316988,-112.0145031,Paradise Valley,59.20858195
40131035011,595146,0,33.6228232,-112.026816,Paradise Valley,147.0635523
40131033052,485226,0,33.6369225,-112.0232484,Paradise Valley,119.9017707
40131033062,317345,0,33.6298238,-112.0221153,Paradise Valley,78.41753623
40131034001,838279,0,33.6090964,-112.004396,Paradise Valley,207.1429323
40131051022,1259411,0,33.5432538,-112.0349385,Camelback East,311.2067552
40131166052,649903,0,33.3811668,-112.1553935,Laveen,160.5942808
40131162033,2809650,0,33.3856605,-112.0214398,South Mountain,694.2785633
40131166061,659655,0,33.3883614,-112.1466353,Laveen,163.0040488
40131051024,549346,3554,33.5428229,-112.0426365,Camelback East,135.7461433
40131144011,1387781,0,33.443996,-112.1127649,Estrella,342.927624
40131033043,322304,0,33.6299302,-112.0177393,Paradise Valley,79.64292992
40131084002,557780,0,33.4992581,-112.0170425,Camelback East,137.8302269
40131084004,1305200,0,33.5060036,-112.0215644,Camelback East,322.521446
40131084005,320528,0,33.4986291,-112.0237349,Camelback East,79.20407144
40131086011,388062,5098,33.4990628,-112.0596441,Encanto,95.89206051
40131086021,489651,0,33.5064924,-112.0518986,Camelback East,120.9952104
40136117002,2613244,0,33.7052555,-112.1697768,Deer Valley,645.7456586
40136118003,597733,0,33.7019689,-112.1388266,Deer Valley,147.702813
40136147002,1054582,0,33.6725735,-112.1064325,Deer Valley,260.5924851
40136125002,2953593,0,33.7951425,-111.987841,Desert View,729.8475983
40131166062,621057,0,33.3811364,-112.1467257,Laveen,153.46629
40131166071,654982,0,33.39591,-112.1206399,Laveen,161.8493271
40131166102,1304118,0,33.3738699,-112.160254,Laveen,322.2540784
40131166111,1602784,0,33.3582371,-112.1596815,Laveen,396.0559403
40131166112,10971613,0,33.3418215,-112.1530135,Laveen,2711.14043
40136181001,1421745,14525,33.6447081,-112.1606478,Deer Valley,351.3202982
40136126002,660883,0,33.7612698,-111.9920578,Desert View,163.3074937
40136163001,2694263,0,33.6621371,-112.1432751,Deer Valley,665.7658586
40136167001,1053972,0,33.660256,-112.0697878,Deer Valley,260.4417511
40136186002,383542,0,33.6505366,-112.1020638,Deer Valley,94.77514591
40136182002,643604,0,33.6509356,-112.1475949,Deer Valley,159.0377664
40136184001,649687,0,33.6510217,-112.130127,Deer Valley,160.5409061
40136184002,839101,0,33.6510616,-112.1202061,Deer Valley,207.3460526
40131167151,523861,0,33.3567044,-111.9820008,Ahwatukee Foothills,129.4486724
40131167152,397721,0,33.3514469,-111.9845165,Ahwatukee Foothills,98.27884771
40131167171,594904,0,33.3236322,-111.9760799,Ahwatukee Foothills,147.0037529
40131167181,560805,0,33.322945,-111.9846752,Ahwatukee Foothills,138.5777195
40131167191,583108,0,33.3086811,-111.9844099,Ahwatukee Foothills,144.0889023
40131167193,631474,0,33.3161144,-111.9844427,Ahwatukee Foothills,156.0403828
40131042033,197156,188,33.5831098,-112.1483981,North Mountain,48.71823338
40131041002,695763,0,33.6147731,-112.1207126,North Mountain,171.9265161
40131041003,603089,0,33.6142125,-112.1294554,North Mountain,149.0263073
40131041004,774733,0,33.621645,-112.1287553,North Mountain,191.440398
40131042023,630552,0,33.6143061,-112.1469077,North Mountain,155.812552
40131042031,751389,0,33.5921636,-112.138281,North Mountain,185.6719788
40131042032,537984,0,33.5849791,-112.1385197,North Mountain,132.9385363
40131042034,445836,0,33.5864535,-112.1465637,North Mountain,110.1683048
40131146001,2581411,0,33.4441453,-112.1431681,Estrella,637.8795652
40131052001,2064590,0,33.5624548,-112.0453478,North Mountain,510.170512
40131052002,672858,10199,33.5569137,-112.0629716,North Mountain,166.2665761
40131086024,326649,0,33.5055936,-112.05846,Camelback East,80.71660115
40131143021,649200,0,33.440342,-112.0956515,Central City,160.420566
40131143022,656557,0,33.4404112,-112.0868985,Central City,162.2385175
40131144021,351555,0,33.4491062,-112.1040924,Central City,86.87099828
40131145002,633750,0,33.4477677,-112.1302642,Estrella,156.6027938
40131145003,1276807,0,33.4404701,-112.1260219,Estrella,315.5053937
40131167254,1257771,0,33.2942215,-112.0406333,Ahwatukee Foothills,310.801503
40131167271,1161402,0,33.3039296,-112.0634905,Ahwatukee Foothills,286.9882412
40131167272,1263595,0,33.2994409,-112.0845752,Ahwatukee Foothills,312.2406425
40131167281,2326335,0,33.3107879,-112.0678422,Ahwatukee Foothills,574.8490102
40131042035,650136,0,33.5927224,-112.1470087,North Mountain,160.6518563
40131042042,777502,13618,33.5929979,-112.1619386,North Mountain,192.1246317
40131042051,716754,24184,33.5787537,-112.1417374,North Mountain,177.1134972
40131042053,505345,2572,33.5761436,-112.1338557,North Mountain,124.8732762
40131042054,1851661,80901,33.5758737,-112.1215978,North Mountain,457.5546914
40131054001,1166863,0,33.5595638,-112.0866313,North Mountain,288.3376816
40131054002,768740,0,33.5643384,-112.0942588,North Mountain,189.9594977
40131054003,633017,0,33.5566915,-112.0954633,North Mountain,156.4216658
40131056011,641031,0,33.563947,-112.1212706,North Mountain,158.4019653
40131056022,646294,0,33.5639377,-112.1298941,North Mountain,159.7024789
40131056023,362403,0,33.5568533,-112.1317673,North Mountain,89.55159332
40131089012,275156,5234,33.5005986,-112.0862377,Encanto,67.99242338
40131089013,478080,5219,33.4974714,-112.0944532,Encanto,118.1359584
40131089021,388481,0,33.5073077,-112.095928,Alhambra,95.99559751
40131089023,370687,0,33.5073304,-112.0866257,Alhambra,91.59861114
40131149001,727806,0,33.4329935,-112.0780451,Central City,179.8445016
40131167291,557716,0,33.3075484,-112.0346607,Ahwatukee Foothills,137.8144122
40131039004,992040,474,33.6040566,-112.1131237,North Mountain,245.1380442
40131033024,647279,0,33.6197271,-112.0110898,Paradise Valley,159.9458773
40131033061,450557,0,33.6298116,-112.0275657,Paradise Valley,111.3348875
40131042182,1515367,0,33.6208282,-112.1604705,Deer Valley,374.4547625
40131162022,417746,0,33.3902284,-111.9822138,South Mountain,103.2271253
40131167122,617422,0,33.3015919,-111.9931295,Ahwatukee Foothills,152.5680633
40131099001,358687,0,33.4824678,-112.1734402,Maryvale,88.63335114
40131042061,626604,10858,33.575204,-112.1470431,North Mountain,154.8369814
40131042062,370076,0,33.5696969,-112.1389758,North Mountain,91.44762998
40131042063,645778,0,33.5711376,-112.1470579,North Mountain,159.5749727
40131042072,1655812,0,33.6312423,-112.1229551,Deer Valley,409.1594243
40131097022,427191,0,33.4832826,-112.2349141,Maryvale,105.5610321
40131097031,587375,0,33.4835454,-112.2160319,Maryvale,145.1432994
40131097041,347925,0,33.4894583,-112.2243424,Maryvale,85.97400713
40131097051,305128,0,33.4824354,-112.2237011,Maryvale,75.39865444
40131098021,653648,0,33.4913812,-112.1907679,Maryvale,161.519689
40131098022,360649,0,33.4856684,-112.1910853,Maryvale,89.11817115
40131099003,845086,0,33.4853419,-112.1822934,Maryvale,208.824976
40131099004,845635,10088,33.4898702,-112.1730741,Maryvale,208.9606367
40131100011,602367,4584,33.484778,-112.1646469,Maryvale,148.8478975
40131100021,609266,4612,33.4901746,-112.1652886,Maryvale,150.5526749
40131101001,1283450,16769,33.4902402,-112.1474308,Maryvale,317.1469123
40131101003,648023,0,33.4840935,-112.1472989,Maryvale,160.1297234