geoid,aland,awater,lat,lon,name,land_acre
40131166123,5187282,0,33.3631812,-112.1261809,Laveen,1281.803319
40131166122,1279152,0,33.38502,-112.1206984,Laveen,316.084855
40131166121,1297275,3652,33.3847236,-112.1274243,Laveen,320.5631389
40131166112,11068029,0,33.3417503,-112.1529248,Laveen,2734.965306
40131166111,1600761,0,33.358242,-112.1596693,Laveen,395.5560469
40131166102,3774808,103256,33.3711938,-112.1485436,Laveen,932.7739308
40131166101,1276321,0,33.3665502,-112.1604744,Laveen,315.3853007
40131166092,6553540,0,33.3514411,-112.1770594,Laveen,1619.412502
40136147002,1652187,0,33.6768816,-112.1062132,Deer Valley,408.2636686
40136147001,12924582,58806,33.6871044,-112.0736156,Deer Valley,3193.728835
40136144002,762488,0,33.6747011,-112.1464762,Deer Valley,188.4145972
40131096023,440115,0,33.4973122,-112.2163916,Maryvale,108.7546171
40131096031,373698,0,33.5004421,-112.2263507,Maryvale,92.34264429
40131096033,296316,0,33.5071024,-112.2250644,Maryvale,73.22116518
40131096041,356299,0,33.5065629,-112.2143381,Maryvale,88.0432644
40131096042,721677,0,33.5049534,-112.2070267,Maryvale,178.3299951
40131097011,162942,0,33.4930111,-112.2054079,Maryvale,40.26378291
40131097012,458573,0,33.488496,-112.2080536,Maryvale,113.3156812
40131097013,510923,0,33.4832747,-112.2071503,Maryvale,126.2516279
40131097021,677565,0,33.4907771,-112.2332312,Maryvale,167.4296993
40131097022,427192,0,33.4832826,-112.2349141,Maryvale,105.5612792
40131097031,586146,0,33.4835414,-112.2160243,Maryvale,144.8396073
40131097041,347924,0,33.4894583,-112.2243425,Maryvale,85.97376002
40131097051,305128,0,33.4824354,-112.2237011,Maryvale,75.39865444
40131098021,653650,0,33.4913812,-112.1907679,Maryvale,161.5201833
40131098022,360649,0,33.4856684,-112.1910853,Maryvale,89.11817115
40131042123,645407,0,33.5999593,-112.146963,North Mountain,159.4832967
40131032163,646112,0,33.631721,-111.9746089,Paradise Valley,159.6575058
40131035023,651081,0,33.6005849,-112.0175177,Paradise Valley,160.8853705
40131035012,701697,0,33.6226063,-112.0183945,Paradise Valley,173.3928372
40131032142,1244480,0,33.622477,-111.9516615,Paradise Valley,307.5172304
40131032103,178374,0,33.6091789,-111.989698,Paradise Valley,44.07710727
40131032106,788884,0,33.6013929,-111.9862706,Paradise Valley,194.9371808
40131049003,1296504,0,33.5897903,-112.0087869,Paradise Valley,320.3726209
40131117004,647191,0,33.4766106,-112.0607245,Encanto,159.9241321
40131104002,622069,0,33.4840549,-112.087229,Encanto,153.7163602
40131078001,1464096,26312,33.5259577,-112.0198253,Camelback East,361.7854421
40131077003,237334,0,33.5129165,-112.045936,Camelback East,58.64641807
40131051024,549346,3554,33.5427016,-112.0428183,Camelback East,135.7461433
40131077004,481487,0,33.5195164,-112.0439161,Camelback East,118.9778451
40131077001,839428,0,33.5206293,-112.0357646,Camelback East,207.4268559
40131077005,209817,0,33.5110578,-112.0416641,Camelback East,51.84682979
40131106003,438939,0,33.4922662,-112.0607559,Encanto,108.4640216
40131036052,2129328,7131,33.6167663,-112.0804451,North Mountain,526.1675954
40131167041,2348137,0,33.3729985,-111.981558,South Mountain,580.2363934
40131089023,370685,0,33.5073304,-112.0866257,Alhambra,91.59811693
40131036051,2434538,0,33.6177229,-112.0918697,North Mountain,601.5865125
40131156001,2552661,0,33.3994726,-112.1078245,South Mountain,630.7752964
40131033024,160740,0,33.6245759,-111.9981814,Paradise Valley,39.7196577
40131033021,602673,0,33.6224932,-112.0043945,Paradise Valley,148.9235117
40131167101,1532049,0,33.3304661,-112.0069578,Ahwatukee Foothills,378.5769681
40131148001,4429181,167227,33.420389,-112.0954589,Central City,1094.472771
40131149002,727806,0,33.4329935,-112.0780451,Central City,179.8445016
40131118001,623697,0,33.476746,-112.0693539,Encanto,154.1186472
40131149001,2088193,0,33.4276575,-112.072561,Central City,516.0029313
40131173001,7484213,122467,33.420063,-112.1144023,Estrella,1849.386453
40131171002,415348,2589,33.4993576,-112.0813885,Encanto,102.6345675
40131170001,813195,0,33.4879741,-112.102714,Encanto,200.9445505
40131167312,838073,0,33.2953007,-112.0925853,Ahwatukee Foothills,207.0920287
40131167141,1011330,0,33.2989129,-112.0188464,Ahwatukee Foothills,249.9046997
40131167081,920415,16465,33.3352678,-111.9865225,Ahwatukee Foothills,227.4391486
40131166091,1312948,0,33.3739039,-112.1774717,Laveen,324.4360155
40131166082,5801997,604,33.3671923,-112.2025579,Laveen,1433.702469
40131166081,1146419,0,33.3739226,-112.2139989,Laveen,283.285867
40131166071,2583288,722,33.3992932,-112.1235099,Laveen,638.3433812
40131166063,1296977,0,33.384877,-112.1380338,Laveen,320.4895016
40131166062,621057,0,33.3811364,-112.1467257,Laveen,153.46629
40131166061,659654,0,33.3883614,-112.1466353,Laveen,163.0038017
40131166052,1336204,0,33.3847873,-112.1554573,Laveen,330.1826894
40131166051,1227152,0,33.3848526,-112.1640251,Laveen,303.235395
40131166042,1076673,0,33.3844744,-112.1718444,Laveen,266.0512817
40131166041,1492730,0,33.3849613,-112.1802908,Laveen,368.8610467
40131172002,729429,0,33.4340848,-112.0586525,Central City,180.245553
40131172001,5895382,5647,33.4255341,-112.0462454,Central City,1456.778369
40131171001,1179347,7473,33.4995231,-112.0691809,Encanto,291.4225404
40131099002,555476,3689,33.4931583,-112.180314,Maryvale,137.260897
40131099003,845086,0,33.4853419,-112.1822934,Maryvale,208.824976
40131099004,845635,10088,33.489559,-112.173716,Maryvale,208.9606367
40131123021,262229,0,33.4769866,-112.1671248,Maryvale,64.79809705
40131124012,643200,0,33.4768873,-112.1821063,Maryvale,158.937936
40131124021,646935,0,33.4696048,-112.1821006,Maryvale,159.8608732
40131125021,616043,0,33.4695053,-112.1992196,Maryvale,152.2273055
40131125022,351193,0,33.4679159,-112.1909114,Maryvale,86.78154627
40131125031,631837,0,33.4767598,-112.2076365,Maryvale,156.1300819
40131125032,658085,0,33.4695101,-112.2076238,Maryvale,162.6160939
40131125033,656248,0,33.4765951,-112.2163114,Maryvale,162.162162
40131125041,1111290,0,33.4764821,-112.1952395,Maryvale,274.6053155
40131125042,152976,0,33.4791421,-112.1918778,Maryvale,37.80113448
40131125051,294710,0,33.4642943,-112.1907691,Maryvale,72.82431455
40131125081,1945048,0,33.4570499,-112.2121093,Estrella,480.631086
40131035013,669040,0,33.6155415,-112.0173702,Paradise Valley,165.3231292
40131036122,590285,0,33.6291087,-112.0695339,North Mountain,145.8623749
40131039002,420608,0,33.5982322,-112.1054889,North Mountain,103.9343398
40131036151,6174276,0,33.5929681,-112.080164,North Mountain,1525.694471
40131064002,717304,9693,33.531409,-112.0455354,Camelback East,177.2494049
40131052002,672859,10200,33.556912,-112.0629649,North Mountain,166.2668232
40131036091,743433,0,33.6150316,-112.112044,North Mountain,183.7060115
40131033022,755128,0,33.6168596,-111.9996635,Paradise Valley,186.5959044
40131049001,640434,0,33.5935074,-112.0001282,Paradise Valley,158.2544436
40131036071,544703,0,33.6230313,-112.0347363,Paradise Valley,134.5988348
40131107021,1127329,4543,33.4920757,-112.0372708,Camelback East,278.5686325
40131084005,320529,0,33.4986291,-112.0237349,Camelback East,79.20431855
40131107022,650897,6999,33.4830477,-112.0350104,Camelback East,160.8399032
40131093001,1856603,0,33.5026473,-112.1581347,Maryvale,458.7758843
40131167021,539390,0,33.3669276,-112.0695867,South Mountain,133.285966
40131167123,1169101,0,33.2946204,-111.9885738,Ahwatukee Foothills,288.8907026
40131079002,2056203,0,33.5182571,-111.9848332,Camelback East,508.0980423
40131079001,5230948,2761,33.5100889,-111.960264,Camelback East,1292.593406
40131048024,581022,0,33.5935332,-112.0313235,Paradise Valley,143.5734413
40131167202,423535,0,33.317018,-111.9948258,Ahwatukee Foothills,104.6576162
40131155002,1296361,0,33.3957269,-112.1422553,Laveen,320.3372849
40131162022,411215,0,33.3902332,-111.9822764,South Mountain,101.6132826
40131035011,636123,0,33.6225401,-112.02688,Paradise Valley,157.1891739
40131032093,3190158,4518,33.587699,-111.957682,Paradise Valley,788.3039926
40131071021,337882,0,33.5113736,-112.1469397,Alhambra,83.49233161
40131036081,2059042,0,33.6331644,-112.106917,Deer Valley,508.7995734
40131032161,647549,0,33.6368909,-111.9646308,Paradise Valley,160.0125956
40131032172,936281,0,33.6311931,-111.9472703,Paradise Valley,231.3597165
40131033041,392900,0,33.6374147,-112.0171581,Paradise Valley,97.0875545
40131111003,1184202,9307,33.4890357,-111.9719577,Camelback East,292.6222352
40131032072,1792119,0,33.6031806,-111.9328044,Paradise Valley,442.8415655
40136133005,424206,0,33.7244177,-111.9916294,Desert View,104.8234236
40136133004,691690,0,33.7230443,-111.9838087,Desert View,170.9200575
40131152001,195621,6817,33.4094651,-111.9810597,South Mountain,48.33892721
40131135011,570496,0,33.4601791,-112.0219788,Central City,140.9724141
40131129003,330034,0,33.4538068,-112.0883249,Central City,81.55305157
40131115023,187067,0,33.4690972,-112.0148963,Camelback East,46.22519104
40131112031,408181,0,33.4534134,-111.9746086,Camelback East,100.863566
40131110005,876868,0,33.4885336,-111.9812863,Camelback East,216.6784671
40131110003,645252,0,33.4840285,-111.9912334,Camelback East,159.4449955
40131109011,664425,0,33.4915372,-112.0085759,Camelback East,164.1827396
40131108022,811974,0,33.4836476,-112.0245617,Camelback East,200.6428353
40131108021,494683,0,33.4847633,-112.0165288,Camelback East,122.2386427
40131106001,213891,0,33.4887152,-112.0605522,Encanto,52.85353556
40131105022,653339,0,33.4838713,-112.0694237,Encanto,161.4433336
40131105021,656778,0,33.4911538,-112.0694162,Encanto,162.2931277
40131105013,698249,0,33.4839477,-112.0784378,Encanto,172.5408191
40131105012,385146,0,33.4912636,-112.0807609,Encanto,95.17150233
40131105011,331242,0,33.491181,-112.0759903,Encanto,81.85155441
40131092002,456850,0,33.5017728,-112.1362572,Alhambra,112.8899193
40131073003,449898,0,33.513174,-112.1092542,Alhambra,111.1720453
40131063002,723393,15979,33.5423277,-112.0525558,Camelback East,178.7540273
40131045011,645166,23704,33.5681853,-112.091831,North Mountain,159.4237444
40131036093,788273,2061,33.617596,-112.103418,North Mountain,194.7861997
40131166032,3710219,0,33.3858851,-112.1992335,Laveen,916.813666
40131166031,2822214,0,33.3834224,-112.217892,Laveen,697.3831905
40131162053,162766,0,33.3800267,-111.9848889,South Mountain,40.22029243
40131162033,2809655,0,33.3856605,-112.0214399,South Mountain,694.2797988
40136133001,21697500,4670,33.7240713,-111.9484242,Desert View,5361.560738
40136128001,2193743,0,33.7467963,-111.9875678,Desert View,542.084864
40136127002,1379714,6787,33.7615028,-111.9833961,Desert View,340.934228
40136126001,666212,0,33.7633357,-111.9893706,Desert View,164.6243163
40136118004,603673,0,33.7094156,-112.1392603,Deer Valley,149.1706167
40136118002,641026,0,33.7091071,-112.1479748,Deer Valley,158.4007297
40131170003,541305,0,33.4840184,-112.1092501,Encanto,133.759172
40131170002,570060,9252,33.4886581,-112.1119801,Encanto,140.8646763
40131169001,3171279,20007,33.4884085,-112.1233562,Alhambra,783.6388973
40131168002,2602838,0,33.4732449,-112.1084986,Encanto,643.174284
40131168001,2623542,0,33.458521,-112.1087067,Central City,648.2903459
40131138012,1248874,0,33.4478223,-112.0215421,Central City,308.6030098
40131135021,638472,0,33.4549334,-112.0171819,Central City,157.7696236
40131135012,709628,4098,33.4641748,-112.0210577,Central City,175.3526269
40131125092,3729373,0,33.4635125,-112.227911,Estrella,921.5467152
40131109022,808368,0,33.4888392,-111.9984497,Camelback East,199.7517746
40131109021,513364,0,33.4861814,-112.002024,Camelback East,126.8548112
40131109012,663783,0,33.4841678,-112.0085609,Camelback East,164.0240982
40131108013,325570,0,33.4915282,-112.0151124,Camelback East,80.44997485
40131072012,444513,0,33.5136278,-112.120131,Alhambra,109.8413849
40131126023,267126,0,33.460182,-112.1475221,Estrella,66.00817023
40131122012,510584,0,33.4688118,-112.1388095,Maryvale,126.1678593
40131121002,646204,0,33.4695547,-112.1301011,Maryvale,159.6802394
40131126011,183372,0,33.4647077,-112.1481577,Maryvale,45.31213806
40131126021,637019,0,33.4576874,-112.1375764,Estrella,157.41058
40131121001,1620560,0,33.4757349,-112.1248914,Maryvale,400.4484788
40131123022,295134,0,33.4767737,-112.1633352,Maryvale,72.92908707
40131123012,444696,0,33.4690889,-112.1657484,Maryvale,109.8866051
40131162052,468692,0,33.3823884,-111.9815082,South Mountain,115.8161367
40131162043,257751,0,33.3963249,-111.9800552,South Mountain,63.69156086
40131162023,378714,0,33.385715,-111.9870395,South Mountain,93.58212297
40131162021,424791,0,33.3897154,-111.9897236,South Mountain,104.9679801
40131162042,341545,0,33.3962636,-111.9841546,South Mountain,84.39747723
40131162024,231877,0,33.3882663,-111.9933618,South Mountain,57.29796609
40131162031,2582566,0,33.3998885,-112.0040408,South Mountain,638.1649714
40131167025,353924,0,33.3608156,-112.0768765,South Mountain,87.45639002
40131036142,884392,0,33.6051013,-112.0748473,North Mountain,218.5376852
40131036141,1308927,0,33.6052993,-112.0925928,North Mountain,323.4424063
40131036152,501003,0,33.5895132,-112.0954337,North Mountain,123.8003463
40131107012,642328,5313,33.4833045,-112.0433448,Encanto,158.7224604
40131061005,189296,0,33.5403562,-112.0936733,Alhambra,46.77598808
40131061002,627967,0,33.5494184,-112.0954302,Alhambra,155.1737855
40131036054,749629,0,33.6213807,-112.0694385,North Mountain,185.237074
40131054002,768740,0,33.5643383,-112.0942588,North Mountain,189.9594977
40131158021,647574,0,33.4030826,-112.0776925,South Mountain,160.0187733
40131153002,2315078,32883,33.4122553,-112.0581143,South Mountain,572.0673492
40131167042,2537027,0,33.3736162,-112.0187253,South Mountain,626.9120568
40131110001,180065,0,33.4932405,-111.9930621,Camelback East,44.49496183
40131113005,321922,0,33.4711769,-111.9913073,Camelback East,79.54853581
40131082001,423256,7533,33.5053015,-111.9931881,Camelback East,104.5886739
40131082002,488979,8535,33.4979921,-111.9831729,Camelback East,120.8291558
40131034003,579386,0,33.6048448,-111.9989122,Paradise Valley,143.1691775
40131112013,632654,0,33.4691887,-111.9739509,Camelback East,156.3319667
40131115024,405907,6018,33.4703371,-112.0188673,Camelback East,100.3016492
40131167291,625801,0,33.3074935,-112.0352582,Ahwatukee Foothills,154.6385561
40131112041,6696894,92968,33.4586571,-111.9551045,Camelback East,1654.835992
40131155001,1313503,0,33.4030572,-112.1423311,Laveen,324.5731588
40131166021,1286027,0,33.3886159,-112.0905364,South Mountain,317.7837018
40131032121,890208,0,33.6207621,-111.9642024,Paradise Valley,219.9748478
40131048025,380586,0,33.5845481,-112.0175863,Paradise Valley,94.04470353
40131091022,633943,0,33.4985792,-112.1213035,Alhambra,156.650485
40131091021,299151,0,33.4987785,-112.1322281,Alhambra,73.92170786
40131091012,507880,0,33.5052953,-112.1206606,Alhambra,125.4996874
40131091011,778124,0,33.5061557,-112.1288123,Alhambra,192.278331
40131090032,395778,9908,33.4976569,-112.1048297,Alhambra,97.79872269
40131090022,466668,0,33.5058416,-112.1093871,Alhambra,115.3159961
40131090012,312047,0,33.4986146,-112.1149418,Alhambra,77.10837394
40131090011,338495,0,33.5058915,-112.1147474,Alhambra,83.64380698
40131086023,353107,5149,33.5046868,-112.0622874,Camelback East,87.25450524
40131085023,325279,0,33.5002218,-112.0345398,Camelback East,80.3780673
40131085021,322252,0,33.4966066,-112.0345565,Camelback East,79.63008046
40131085012,761270,0,33.5021454,-112.0414373,Camelback East,188.1136234
40131085011,534408,0,33.501749,-112.0457691,Camelback East,132.0548888
40131084001,90769,0,33.4959533,-112.0187833,Camelback East,22.42947375
40131083012,676332,0,33.5062645,-112.0085648,Camelback East,167.1250189
40131167092,757291,0,33.3532873,-111.9756099,Ahwatukee Foothills,187.1303926
40131167091,425407,0,33.3603872,-111.9723564,Ahwatukee Foothills,105.1201967
40131147032,1297113,0,33.4260087,-112.1258593,Estrella,320.5231079
40131147031,1296144,0,33.4332564,-112.1259049,Estrella,320.2836631
40136118001,734711,0,33.7020633,-112.1473341,Deer Valley,181.5507617
40136117004,1304093,0,33.7054057,-112.1566466,Deer Valley,322.2479008
40131032092,628451,69339,33.5851602,-111.9748692,Paradise Valley,155.2933844
40131137005,369762,0,33.4613542,-111.9806185,Camelback East,91.37003901
40131133003,548424,0,33.4550026,-112.0338338,Central City,135.5183125
40131108012,324256,0,33.4914446,-112.0194259,Camelback East,80.12527888
40131108011,646829,0,33.4912959,-112.0258812,Camelback East,159.83468
40131091023,348219,0,33.4983796,-112.1279417,Alhambra,86.046656
40131083022,667538,0,33.4988415,-111.9997847,Camelback East,164.9519775
40131083021,666028,0,33.4988824,-112.0085793,Camelback East,164.5788489
40131083013,668384,0,33.5062049,-111.9997405,Camelback East,165.1610283
40131076022,653401,0,33.5128447,-112.0518834,Camelback East,161.4586541
40131076013,655775,0,33.5128536,-112.060623,Camelback East,162.0452814
40131167022,754583,0,33.3668402,-112.0782428,South Mountain,186.4612322
40131162032,2566645,0,33.3853023,-112.0040867,South Mountain,634.2308127
40131163001,625401,0,33.3895502,-112.0344003,South Mountain,154.5397141
40131161002,1441374,0,33.3976377,-112.0222811,South Mountain,356.1707223
40131163003,1367904,0,33.3816469,-112.0385041,South Mountain,338.0159179
40131163002,694477,0,33.3889372,-112.0430116,South Mountain,171.6087391
40131164003,1298376,0,33.3813688,-112.055966,South Mountain,320.8352015
40131164002,569264,0,33.3886597,-112.0608728,South Mountain,140.6679807
40131159002,1288587,0,33.3960108,-112.0560808,South Mountain,318.4162906
40131161003,326381,0,33.4051102,-112.0255053,South Mountain,80.65037701
40131158012,655283,0,33.3959184,-112.0689812,South Mountain,161.9237057
40131158011,644411,0,33.4031486,-112.0689695,South Mountain,159.2371802
40131160002,1195611,0,33.3963027,-112.0387437,South Mountain,295.4414562
40131160001,573682,0,33.4032525,-112.0337116,South Mountain,141.7596906
40131165003,1291567,0,33.3850002,-112.0689661,South Mountain,319.1526635
40131165002,646734,0,33.3813714,-112.0775899,South Mountain,159.8112051
40131167212,1607025,0,33.3095355,-112.00992,Ahwatukee Foothills,397.1039126
40131162051,509350,0,33.3809848,-111.9911125,South Mountain,125.8629318
40131160003,710869,0,33.4032406,-112.042376,South Mountain,175.6592842
40131167201,612391,0,33.3202883,-112.0003143,Ahwatukee Foothills,151.3248781
40131032094,1872340,47058,33.5774094,-111.9573438,Paradise Valley,462.6645757
40131110004,459591,0,33.485324,-111.9848339,Camelback East,113.5672341
40131110002,462570,0,33.4906111,-111.9904766,Camelback East,114.3033599
40131112012,569038,0,33.4766223,-111.974195,Camelback East,140.612135
40131137003,928505,0,33.457221,-111.983642,Camelback East,229.438228
40131154002,1178489,81509,33.413075,-112.0755702,South Mountain,291.2105243
40131167031,1280477,0,33.3705298,-112.0616703,South Mountain,316.4122691
40131152002,1626292,34088,33.4099795,-112.019348,South Mountain,401.8648847
40131167134,574063,0,33.298293,-112.0089427,Ahwatukee Foothills,141.8538376
40131167071,594047,0,33.3468181,-111.9935405,Ahwatukee Foothills,146.7919839
40131048022,584750,0,33.5937168,-112.0230227,Paradise Valley,144.4946488
40131033052,485228,0,33.6369225,-112.0232484,Paradise Valley,119.9022649
40131167152,397721,0,33.3514469,-111.9845165,Ahwatukee Foothills,98.27884771
40136195003,1295419,0,33.6441848,-112.0221818,Paradise Valley,320.104512
40136189002,642239,0,33.6511589,-112.0698664,Deer Valley,158.7004681
40136189001,643259,0,33.6439002,-112.06985,Deer Valley,158.9525152
40136186002,383543,0,33.6505366,-112.1020638,Deer Valley,94.77539302
40136184002,838359,741,33.6513994,-112.1190973,Deer Valley,207.1627007
40136184001,649686,0,33.6510217,-112.130127,Deer Valley,160.540659
40136183002,700167,0,33.6434429,-112.1387691,Deer Valley,173.0147665
40136182002,643599,0,33.6509356,-112.147595,Deer Valley,159.0365309
40131083011,929234,17674,33.512422,-112.0049463,Camelback East,229.6183676
40131080001,1748893,11061,33.4974498,-111.9683272,Camelback East,432.1602048
40131079003,655073,1758,33.5125458,-111.9907091,Camelback East,161.8718137
40131076021,651216,0,33.5201051,-112.0518634,Camelback East,160.9187297
40131076012,326481,0,33.5219265,-112.060609,Camelback East,80.67508751
40131076011,328240,0,33.5183047,-112.06061,Camelback East,81.1097452
40131075001,653277,0,33.5128883,-112.0693709,Alhambra,161.4280131
40131068023,321655,0,33.5277435,-112.1018173,Alhambra,79.48255878
40131068022,534789,0,33.5273231,-112.1083533,Alhambra,132.1490358
40131068021,1022577,0,33.5346457,-112.1059317,Alhambra,252.6838896
40131068013,174157,0,33.5258622,-112.1145402,Alhambra,43.03506549
40131068012,265546,0,33.5303903,-112.1145473,Alhambra,65.61774433
40131068011,263280,0,33.5358654,-112.1145572,Alhambra,65.0578044
40131067032,765998,6635,33.5267209,-112.0882144,Alhambra,189.2819358
40131138021,13477509,71397,33.4294623,-112.0138543,Central City,3330.359861
40131138011,4058889,23061,33.4468519,-111.9848823,Camelback East,1002.971766
40131137001,271289,0,33.4604417,-111.991013,Camelback East,67.03686835
40131136012,425319,3755,33.4631718,-112.0074567,Camelback East,105.0984515
40131125142,15682441,48791,33.4177778,-112.1570123,Estrella,3875.209583
40131125141,6174467,14342,33.4000814,-112.1839314,Laveen,1525.741668
40131125134,1298413,0,33.4154128,-112.190849,Estrella,320.8443444
40131131002,939593,0,33.45503,-112.071442,Central City,232.1781283
40131130002,628572,0,33.4622126,-112.0694852,Central City,155.3232841
40130820021,1184986,7483,33.5032283,-112.2811413,Maryvale,292.8159655
40130820022,744067,12237,33.4986265,-112.276458,Maryvale,183.862676
40130820023,686344,12053,33.4973044,-112.2846786,Maryvale,169.5990341
40130820071,646287,0,33.5051463,-112.2507087,Maryvale,159.7007491
40130820091,651838,0,33.4906281,-112.2508067,Maryvale,161.072429
40130820092,651840,0,33.4833645,-112.2508262,Maryvale,161.0729232
40131165001,648282,0,33.3886236,-112.0776325,South Mountain,160.1937236
40131157001,1279731,0,33.3994638,-112.0862416,South Mountain,316.2279288
40131157002,653721,0,33.4031623,-112.0949317,South Mountain,161.5377277
40131166022,1294048,0,33.3813456,-112.0905365,South Mountain,319.765731
40131167252,292546,0,33.298795,-112.0579412,Ahwatukee Foothills,72.28957933
40131167251,863045,0,33.2943468,-112.0559165,Ahwatukee Foothills,213.2627347
40131167211,688721,0,33.308453,-112.022343,Ahwatukee Foothills,170.1864027
40131040002,639313,0,33.6072345,-112.1208946,North Mountain,157.9774389
40131042253,601801,0,33.6357259,-112.1643613,Deer Valley,148.7080361
40131041004,774733,0,33.621645,-112.1287553,North Mountain,191.440398
40131071012,640733,0,33.5203441,-112.1385429,Alhambra,158.328328
40131041001,490746,0,33.6217149,-112.1203092,North Mountain,121.2657903
40131167132,657761,0,33.292905,-112.0015393,Ahwatukee Foothills,162.5360319
40131045021,361959,0,33.5779505,-112.0841836,North Mountain,89.4418787
40131113004,657564,0,33.4730703,-111.9803392,Camelback East,162.4873522
40131152003,5323633,49697,33.4158506,-111.9982927,South Mountain,1315.496332
40131114011,661859,0,33.4767926,-112.0085561,Camelback East,163.5486682
40131114021,656479,0,33.4767657,-111.9998648,Camelback East,162.2192433
40131159001,1280713,0,33.4031813,-112.0558871,South Mountain,316.4705859
40131112011,161289,0,33.4791329,-111.9652639,Camelback East,39.85531835
40131032171,622395,0,33.6375824,-111.9498392,Paradise Valley,153.7969165
40131042181,783384,0,33.6139701,-112.1566567,North Mountain,193.5781033
40136181001,1411174,14534,33.6447081,-112.1606478,Deer Valley,348.7081513
40136167001,1053984,0,33.660256,-112.0697878,Deer Valley,260.4447163
40136163001,2683263,3539,33.6637617,-112.1458693,Deer Valley,663.0477036
40136147003,344042,0,33.6725493,-112.1065117,Deer Valley,85.01449841
40136146003,497940,0,33.6732983,-112.1244529,Deer Valley,123.0434637
40136133002,13006870,6242,33.7071995,-111.9984215,Desert View,3214.062611
40136126002,660967,0,33.7612698,-111.9920578,Desert View,163.3282505
40136125002,2950347,0,33.7951425,-111.987841,Desert View,729.0454954
40131125133,1311236,0,33.4154916,-112.1996133,Estrella,324.0129718
40131125132,4036869,0,33.429945,-112.182887,Estrella,997.5305142
40131125131,1121795,0,33.4291106,-112.1996688,Estrella,277.2011535
40131125121,11698869,4914,33.4481698,-112.1749698,Estrella,2890.849024
40131125113,1289706,0,33.4156676,-112.2083675,Estrella,318.6928011
40131125112,1278286,0,33.4156891,-112.2169828,Estrella,315.870862
40131125111,8488190,4629,33.4062749,-112.2234115,Estrella,2097.47419
40131125102,7765350,0,33.439747,-112.218207,Estrella,1918.856812
40130820101,480329,0,33.4916043,-112.2420613,Maryvale,118.6916975
40130820102,817539,0,33.4843594,-112.2421651,Maryvale,202.0179746
40130820121,863953,0,33.4970619,-112.2960191,Maryvale,213.4871061
40131167281,1055062,0,33.3119642,-112.0584319,Ahwatukee Foothills,260.7110955
40131167253,1667329,0,33.3014398,-112.0448253,Ahwatukee Foothills,412.0053325
40131167272,1197515,0,33.303923,-112.06374,Ahwatukee Foothills,295.9119441
40131042061,617669,10858,33.5755033,-112.1422598,North Mountain,152.6290982
40131100021,609267,4612,33.4901746,-112.1652886,Maryvale,150.552922
40131115011,701866,6107,33.4685018,-112.0256724,Encanto,173.4345979
40131116022,641924,0,33.4693416,-112.0433219,Encanto,158.62263
40131116012,654728,0,33.4694107,-112.0345937,Encanto,161.7865624
40131033031,1268006,0,33.6330611,-112.0004652,Paradise Valley,313.3306226
40131133001,1280420,0,33.46222,-112.0389201,Central City,316.3981841
40131045023,617622,0,33.5784771,-112.0954194,North Mountain,152.6174843
40131116023,414771,0,33.4752217,-112.0432847,Encanto,102.491988
40131117001,650026,0,33.4765948,-112.0519933,Encanto,160.6246747
40131116021,247410,0,33.4788873,-112.0432114,Encanto,61.13624805
40131080002,2032462,5594,33.4956954,-111.9511396,Camelback East,502.2315225
40131032112,1302778,0,33.6189061,-111.9822,Paradise Valley,321.9229577
40131167121,1919091,0,33.2992068,-111.979021,Ahwatukee Foothills,474.2169816
40136118003,597735,0,33.7019689,-112.1388266,Deer Valley,147.7033072
40136117002,2613243,0,33.7052555,-112.1697768,Deer Valley,645.7454115
40136100001,251992064,3844284,33.9349292,-112.1668253,Rio Vista,62268.49897
40131167331,65594545,3761,33.3404521,-112.0749149,Ahwatukee Foothills,16208.74004
40131167322,597030,0,33.3575623,-112.0831848,South Mountain,147.5290982
40131167321,6049438,0,33.3542134,-112.1050699,South Mountain,1494.846377
40131167311,2278207,0,33.2973255,-112.103144,Ahwatukee Foothills,562.9563407
40131167301,4465664,750,33.299769,-112.1235074,Ahwatukee Foothills,1103.487903
40131167293,1618901,0,33.3185089,-112.0186406,Ahwatukee Foothills,400.0385316
40131125101,2524662,0,33.4300366,-112.2297635,Estrella,623.8566035
40131125093,582618,0,33.4641139,-112.2119187,Maryvale,143.9678209
40131125091,1291674,0,33.4726333,-112.2335235,Maryvale,319.1791038
40131125072,296825,0,33.4643373,-112.1820244,Maryvale,73.34694163
40131125055,281950,0,33.4642229,-112.1992473,Maryvale,69.67125475
40131125034,650458,0,33.4693577,-112.2163088,Maryvale,160.7314241
40131125023,301058,0,33.4715218,-112.1905751,Maryvale,74.39293709
40131124023,340175,0,33.4678878,-112.1734536,Maryvale,84.05894338
40131123025,346883,0,33.4750056,-112.1563511,Maryvale,85.71652372
40131067021,649356,0,33.5348013,-112.0867781,Alhambra,160.4591144
40131065023,326278,0,33.5255375,-112.0518538,Camelback East,80.62492519
40131065022,657167,0,33.5346052,-112.0518723,Camelback East,162.3892515
40131065012,655452,0,33.5273579,-112.0606151,Camelback East,161.9654665
40131065011,658224,0,33.5346238,-112.0606556,Camelback East,162.6504415
40131060021,620198,0,33.5494866,-112.1081234,Alhambra,153.2540268
40131060011,702927,0,33.5458512,-112.1145949,Alhambra,173.6967763
40131055011,932313,0,33.5615597,-112.1117057,North Mountain,230.3792039
40131043021,366245,45610,33.5860434,-112.1193848,North Mountain,90.50097073
40131043012,848719,0,33.5857723,-112.1286768,North Mountain,209.7227085
40131146001,2581401,0,33.4441453,-112.1431681,Estrella,637.8770941
40131126022,644836,0,33.4550636,-112.1431151,Estrella,159.3421998
40131167131,268174,0,33.3018649,-111.9991036,Ahwatukee Foothills,66.26713627
40131158022,640523,0,33.3958488,-112.0775936,South Mountain,158.2764359
40131157003,654612,0,33.3959212,-112.0948644,South Mountain,161.7578983
40131121003,323757,0,33.4677558,-112.1214532,Maryvale,80.00197349
40131101001,1283449,16767,33.4914657,-112.1440218,Maryvale,317.1466651
40131064001,1776245,86415,33.5286975,-112.0344312,Camelback East,438.9190207
40131084004,1305195,0,33.5060036,-112.0215645,Camelback East,322.5202105
40131077002,851875,0,33.513343,-112.0361988,Camelback East,210.5025719
40131082003,644916,0,33.4986754,-111.9911398,Camelback East,159.3619682
40131084002,557785,0,33.4992581,-112.0170425,Camelback East,137.8314624
40131051013,1113323,0,33.571729,-112.0131968,Paradise Valley,275.1076799
40131033061,450558,0,33.6298116,-112.0275657,Paradise Valley,111.3351346
40131036062,616792,0,33.6310697,-112.0439151,Paradise Valley,152.4123872
40131136011,1124945,9843,33.4620494,-111.9990272,Camelback East,277.9795342
40136199003,1078402,0,33.643764,-111.9529869,Paradise Valley,266.4785262
40136199002,1021492,0,33.6462406,-111.9730282,Paradise Valley,252.4157807
40136198003,609732,0,33.6438535,-111.9918427,Paradise Valley,150.6678259
40136197003,379625,0,33.6497759,-111.9911508,Paradise Valley,93.80723563
40136197002,380592,0,33.6534089,-111.9911626,Paradise Valley,94.04618616
40136197001,648086,0,33.6515831,-111.9817292,Paradise Valley,160.145291
40136196001,2578785,12092,33.6471778,-112.0047736,Paradise Valley,637.2306674
40131167292,1504675,0,33.314098,-112.031837,Ahwatukee Foothills,371.8127159
40131167283,1898644,0,33.3126488,-112.0477295,Ahwatukee Foothills,469.1644256
40131035022,678515,0,33.6008513,-112.0324242,Paradise Valley,167.6644491
40130927192,685783,0,33.5120682,-112.280923,Maryvale,169.4604082
40130927191,1906442,0,33.5166774,-112.2812047,Maryvale,471.0913504
40131122023,485681,0,33.4762611,-112.1480627,Maryvale,120.0142035
40131114022,660029,0,33.4693877,-111.9998822,Camelback East,163.096466
40131114012,663452,0,33.4694101,-112.0085554,Camelback East,163.9423065
40131040001,644045,0,33.6000201,-112.1209949,North Mountain,159.1467397
40131040004,640076,0,33.6072146,-112.1295283,North Mountain,158.16598
40131056023,362402,0,33.5568533,-112.1317673,North Mountain,89.55134621
40131070004,643781,0,33.5348246,-112.1471493,Alhambra,159.081504
40131057021,646106,0,33.5639171,-112.1385784,North Mountain,159.6560231
40131042073,168683,0,33.6270535,-112.1313603,Deer Valley,41.68241272
40131042252,1276786,0,33.628751,-112.1596971,Deer Valley,315.5002045
40131042022,1325398,0,33.6214884,-112.1422992,North Mountain,327.5124728
40131059003,977934,0,33.5440053,-112.1212939,Alhambra,241.6523811
40131072022,645440,0,33.5203994,-112.121255,Alhambra,159.4914512
40131057011,613490,0,33.5640992,-112.147272,North Mountain,151.5964465
40131033033,589755,0,33.6301366,-112.0093849,Paradise Valley,145.7314093
40131086021,489651,0,33.5064924,-112.0518986,Camelback East,120.9952104
40131086011,388061,5098,33.4992412,-112.0597908,Encanto,95.89181341
40131107011,169109,4301,33.488301,-112.0464763,Encanto,41.78767945
40131106002,653294,2124,33.4929943,-112.0518574,Encanto,161.4322139
40131051022,1454885,0,33.544048,-112.0346365,Camelback East,359.5093579
40131112021,895521,0,33.4605544,-111.9738762,Camelback East,221.2877167
40131089011,283725,0,33.4968106,-112.0868316,Encanto,70.10986613
40131104001,594361,0,33.4913102,-112.0873289,Encanto,146.8695749
40131032101,294179,0,33.6082925,-111.9800557,Paradise Valley,72.6931018
40131104004,637768,0,33.4914022,-112.0956208,Encanto,157.5956616
40131089021,388481,0,33.5073077,-112.095928,Alhambra,95.99559751
40131036121,85547,0,33.6344796,-112.0673472,North Mountain,21.13909144
40131036072,497312,0,33.6143132,-112.0394085,Paradise Valley,122.8882818
40131167072,731606,0,33.3538595,-111.991361,Ahwatukee Foothills,180.7835006
40131051021,16186414,3400,33.5517487,-112.0103187,Camelback East,3999.743831
40136199004,689138,0,33.6443725,-111.9642958,Paradise Valley,170.2894455
40136199001,648727,0,33.6516499,-111.9684099,Paradise Valley,160.3036853
40136198002,303563,0,33.6424075,-111.9796563,Paradise Valley,75.01193512
40136195002,645493,0,33.6514711,-112.0178804,Paradise Valley,159.5045478
40136195001,647663,0,33.651431,-112.0265209,Paradise Valley,160.0407656
40136194001,646304,0,33.644101,-112.0351756,Paradise Valley,159.7049499
40136193001,660634,0,33.6513325,-112.0439312,Paradise Valley,163.2459646
40136192002,323343,0,33.6439636,-112.0590223,Deer Valley,79.89967202
40136190001,326660,0,33.6512098,-112.0633863,Deer Valley,80.7193193
40136188004,274010,0,33.6419848,-112.0900553,Deer Valley,67.70924105
40136188003,366577,0,33.6436153,-112.085479,Deer Valley,90.58300959
40136188002,220988,0,33.6428665,-112.0977245,Deer Valley,54.60723974
40136188001,396518,0,33.6443013,-112.0943939,Deer Valley,97.98158039
40136187002,614426,0,33.6510469,-112.0956202,Deer Valley,151.8277367
40136187001,644438,0,33.6510264,-112.0871449,Deer Valley,159.243852
40136186003,1174679,0,33.6437917,-112.107858,Deer Valley,290.2690543
40136186001,737350,0,33.6511161,-112.1092492,Deer Valley,182.2028718
40130820282,732248,0,33.4689627,-112.2502876,Maryvale,180.942142
40130822072,2495784,0,33.3993054,-112.2806826,Estrella,616.7207053
40130822071,8300744,0,33.3960683,-112.2936969,Estrella,2051.155346
40130820082,383929,0,33.501601,-112.2401457,Maryvale,94.87077555
40130820081,487350,0,33.4974546,-112.2429663,Maryvale,120.4266218
40131106004,1293246,5122,33.4847209,-112.0594039,Encanto,319.5675528
40131088022,518297,4922,33.5063801,-112.0682967,Alhambra,128.0737802
40131086012,429365,4047,33.4959746,-112.0569306,Encanto,106.0982383
40131075003,654309,0,33.5129454,-112.0781009,Alhambra,161.6830254
40131066002,1301993,0,33.5310306,-112.0693696,Alhambra,321.7289803
40131057022,644068,0,33.5567049,-112.1385801,North Mountain,159.1524231
40131057012,675246,0,33.5568927,-112.1472499,North Mountain,166.8566628
40131056021,281581,0,33.5565274,-112.1275187,North Mountain,69.58007301
40131056012,642717,0,33.5567146,-112.1212689,North Mountain,158.8185843
40131053003,807360,5999,33.560989,-112.0798849,North Mountain,199.5026928
40131053001,888074,7212,33.5549573,-112.0726403,North Mountain,219.4475258
40131033042,239610,0,33.6316987,-112.0145031,Paradise Valley,59.20882905
40131033043,322300,0,33.6299302,-112.0177394,Paradise Valley,79.6419415
40131033032,692684,0,33.6371585,-112.0087106,Paradise Valley,171.1656798
40131056022,646282,0,33.5639377,-112.1298942,North Mountain,159.6995136
40131033023,981088,0,33.6184055,-112.0097878,Paradise Valley,242.4317502
40131032113,706657,0,33.615456,-111.9912316,Paradise Valley,174.618478
40131032151,1381182,0,33.6369814,-111.9869389,Paradise Valley,341.2969781
40131089012,275151,5230,33.5005986,-112.0862377,Encanto,67.99118786
40131032082,599813,0,33.5962305,-111.9845918,Paradise Valley,148.2167914
40131032104,491114,0,33.6060796,-111.993732,Paradise Valley,121.356725
40131061003,440500,0,33.5429737,-112.0960991,Alhambra,108.8497525
40131073002,482350,0,33.5132267,-112.103047,Alhambra,119.1910968
40131089013,478079,5220,33.4974714,-112.0944532,Encanto,118.1357113
40131046001,1351071,0,33.5786387,-112.0732737,North Mountain,333.8563995
40131045022,362191,0,33.5782296,-112.0886977,North Mountain,89.49920706
40131045012,293228,0,33.5731796,-112.0951912,North Mountain,72.45810494
40131167193,649645,0,33.3160515,-111.9845384,Ahwatukee Foothills,160.5305277
40131118002,665358,0,33.4693887,-112.0782577,Encanto,164.4132886
40131127001,752898,0,33.4598777,-112.1253555,Estrella,186.0448603
40131140002,1363781,0,33.4405994,-112.0565277,Central City,336.997104
40131132022,415638,0,33.4535628,-112.0606697,Central City,102.706228
40131129004,879636,0,33.4562004,-112.0958543,Central City,217.3624538
40131132032,702609,0,33.4637685,-112.056406,Central City,173.6181969
40131086024,326648,0,33.5055936,-112.05846,Camelback East,80.71635404
40131130001,645783,0,33.4622312,-112.0782299,Central City,159.5762082
40131132021,259051,0,33.4572546,-112.0608251,Central City,64.01279736
40131073004,709687,0,33.5167832,-112.1145824,Alhambra,175.3672061
40136198001,503165,0,33.6456399,-111.98446,Paradise Valley,124.3345873
40136194003,325059,0,33.6458663,-112.0438745,Paradise Valley,80.3237042
40136194002,323928,0,33.6422399,-112.0438545,Paradise Valley,80.04422844
40136193003,324035,0,33.6531892,-112.0351902,Paradise Valley,80.07066868
40136193002,325296,0,33.6495485,-112.0351914,Paradise Valley,80.38226808
40136192003,467713,0,33.6439736,-112.0537294,Deer Valley,115.5742209
40136192001,178119,0,33.6440446,-112.0494099,Deer Valley,44.0140955
40136191002,132969,0,33.6460963,-112.0633333,Deer Valley,32.85730475
40136191001,193557,0,33.6424679,-112.0633861,Deer Valley,47.82890249
40136190003,322401,0,33.6512143,-112.059037,Deer Valley,79.66689911
40136190002,640326,0,33.651259,-112.0525949,Deer Valley,158.2277562
40136189005,154060,0,33.641978,-112.0763506,Deer Valley,38.0689963
40136189004,570843,0,33.6449793,-112.0787613,Deer Valley,141.0581595
40136189003,561390,91,33.6517813,-112.0785438,Deer Valley,138.722276
40130820181,655986,0,33.4760737,-112.2508535,Maryvale,162.0974205
40130820161,5196668,1855,33.4956865,-112.2640759,Maryvale,1284.122646
40130820083,429045,0,33.5061163,-112.2428063,Maryvale,106.0191647
40131122022,311118,0,33.4715005,-112.1472969,Maryvale,76.87881339
40131122021,339939,0,33.467868,-112.1475553,Maryvale,84.0006266
40131098023,287736,0,33.4821481,-112.1902899,Maryvale,71.10100428
40131097052,255579,0,33.4857148,-112.225166,Maryvale,63.1548488
40131097042,260835,0,33.4929989,-112.2249751,Maryvale,64.45363268
40131097032,707075,0,33.4907277,-112.2164005,Maryvale,174.7217679
40131097023,300866,0,33.4835251,-112.2300557,Maryvale,74.34549293
40131097014,160403,0,33.4929672,-112.2097375,Maryvale,39.63638332
40131096034,356788,0,33.4965505,-112.2247084,Maryvale,88.16409874
40131096032,304759,0,33.5035455,-112.22371,Maryvale,75.3074727
40131094005,324630,0,33.5004487,-112.1820268,Maryvale,80.21769615
40131094001,492117,0,33.5065374,-112.1827117,Maryvale,121.6045713
40131090034,162376,0,33.4968209,-112.11068,Alhambra,40.12392148
40131090033,161516,0,33.5004167,-112.1106334,Alhambra,39.91141118
40131090031,237752,0,33.499671,-112.10631,Alhambra,58.74970796
40131090023,236371,0,33.5041586,-112.1030857,Alhambra,58.40845596
40131032152,1329451,0,33.6297943,-111.9869083,Paradise Valley,328.5139894
40131032162,897199,0,33.6296347,-111.9664118,Paradise Valley,221.7023589
40131066001,1301141,0,33.5310702,-112.0780701,Alhambra,321.5184468
40131074001,651109,0,33.5203021,-112.0868056,Alhambra,160.8922894
40131032102,365305,0,33.6087493,-111.9850552,Paradise Valley,90.26869203
40131032081,1331607,0,33.5863184,-111.9868106,Paradise Valley,329.0467477
40131032123,858505,0,33.6212089,-111.9738427,Paradise Valley,212.140878
40131041002,695763,0,33.6147731,-112.1207126,North Mountain,171.9265161
40131032111,704203,0,33.6227233,-111.9913002,Paradise Valley,174.0120823
40131054001,1166873,0,33.5595639,-112.0866313,North Mountain,288.3401527
40131054003,633018,0,33.5566915,-112.0954633,North Mountain,156.4219129
40131061001,774684,0,33.5486013,-112.0869773,Alhambra,191.4282898
40131088021,509187,4960,33.5066096,-112.0802973,Alhambra,125.8226536
40131075002,1301826,0,33.5201705,-112.0737104,Alhambra,321.6877137
40131104003,642857,0,33.4841592,-112.0956455,Encanto,158.853179
40131032143,658440,0,33.61518,-111.9560962,Paradise Valley,162.7038162
40131032173,813821,0,33.6307073,-111.9564045,Paradise Valley,201.0992382
40131153001,1784973,0,33.4118346,-112.0386339,South Mountain,441.0757532
40131032164,407767,0,33.6382307,-111.972996,Paradise Valley,100.7612645
40131032061,981589,0,33.6000506,-111.953329,Paradise Valley,242.5555498
40131167112,467097,0,33.3242903,-111.9928368,Ahwatukee Foothills,115.4220042
40131167023,1297061,0,33.3741262,-112.0746659,South Mountain,320.5102584
40131134001,649228,0,33.4549592,-112.0258112,Central City,160.4274849
40131167133,470952,104644,33.2984431,-112.0020339,Ahwatukee Foothills,116.374594
40131167032,2246445,0,33.3664185,-112.0553447,South Mountain,555.1077917
40131167024,568903,0,33.359463,-112.0694079,South Mountain,140.5787758
40131036061,561837,0,33.629334,-112.0351916,Paradise Valley,138.8327319
40131113002,644603,0,33.4766858,-111.9912882,Camelback East,159.2846243
40131167192,1253711,0,33.3125714,-111.9762218,Ahwatukee Foothills,309.7982567
40131136022,544199,9114,33.4537545,-112.0031469,Central City,134.4742939
40131035025,483169,0,33.5998226,-112.025438,Paradise Valley,119.3934757
40136173003,461614,0,33.6593225,-111.9976814,Paradise Valley,114.0671275
40136173002,312745,0,33.6571309,-111.9919881,Paradise Valley,77.28085323
40136173001,383503,0,33.6574246,-111.9852256,Paradise Valley,94.76550882
40131090021,239904,0,33.5077736,-112.1030883,Alhambra,59.28147792
40131085024,483766,0,33.5062625,-112.0352666,Camelback East,119.5409974
40131085022,162278,0,33.5038699,-112.0323763,Camelback East,40.09970519
40131071022,459112,0,33.5152696,-112.145938,Alhambra,113.4488708
40131055022,311666,0,33.565811,-112.1037874,North Mountain,77.01422693
40131055021,328177,0,33.5622131,-112.1040864,North Mountain,81.09417759
40131042264,1209190,0,33.6295664,-112.1441225,Deer Valley,298.796895
40131037023,3631718,0,33.5965587,-112.0559415,North Mountain,897.4156764
40131037022,482578,0,33.5838555,-112.0582687,North Mountain,119.2474367
40131036153,394818,0,33.5844355,-112.0958587,North Mountain,97.56150189
40131124013,329598,0,33.475133,-112.1738286,Maryvale,81.44531379
40131124022,312354,0,33.4714971,-112.1733869,Maryvale,77.18423517
40131124011,331515,0,33.4786084,-112.1730127,Maryvale,81.91901408
40131125053,321219,0,33.4569976,-112.1907998,Estrella,79.374821
40131101004,321551,0,33.4840835,-112.1407959,Maryvale,79.45685986
40131072021,647491,0,33.5203513,-112.1299153,Alhambra,159.9982636
40131071023,544825,0,33.5126039,-112.1381215,Alhambra,134.6289816
40131092001,559928,0,33.5056518,-112.1399484,Alhambra,138.3610084
40131072011,853702,0,33.5128249,-112.1284038,Alhambra,210.9540327
40131167135,393051,0,33.3034055,-112.0112628,Ahwatukee Foothills,97.12486736
40131167083,558875,0,33.3408139,-111.9740505,Ahwatukee Foothills,138.1008069
40131167084,1126434,9014,33.3433074,-111.9860364,Ahwatukee Foothills,278.3474736
40131053002,932814,12776,33.5635644,-112.0718475,North Mountain,230.5030035
40131061004,522278,0,33.5413589,-112.0866451,Alhambra,129.0575052
40131086022,601155,4477,33.5009827,-112.0497528,Camelback East,148.5484063
40131052003,638779,0,33.5641193,-112.0609911,North Mountain,157.8454848
40131032051,1586658,5805,33.6034498,-111.9670718,Paradise Valley,392.0711251
40131048023,1052182,0,33.5855868,-112.0289972,Paradise Valley,259.9994331
40131035024,1994808,0,33.6109459,-112.0285122,Paradise Valley,492.9270308
40131154001,1336585,2970,33.4151379,-112.0709315,South Mountain,330.2768364
40131039003,453782,0,33.6022095,-112.105129,North Mountain,112.1318011
40131032091,767693,0,33.5942279,-111.9745924,Paradise Valley,189.7007788
40131137002,635427,86,33.4552334,-111.9922235,Camelback East,157.0171888
40131115022,655752,0,33.4767682,-112.0172272,Camelback East,162.039598
40131115021,642796,6783,33.4762092,-112.0263879,Camelback East,158.8381056
40131132012,319349,0,33.4532891,-112.0521205,Central City,78.91273465
40131117002,648403,0,33.4693651,-112.0520271,Encanto,160.2236233
40131161001,649314,0,33.403336,-112.016902,South Mountain,160.448736
40131132031,562424,0,33.4602584,-112.0564373,Central City,138.9777825
40131131001,364614,0,33.4550586,-112.0801411,Central City,90.09794247
40136172002,552334,0,33.6592345,-112.0096814,Paradise Valley,136.4844931
40136172001,415035,0,33.6582457,-112.0038239,Paradise Valley,102.5572237
40136171002,323107,0,33.6660474,-112.0115182,Paradise Valley,79.84135524
40136171001,654306,0,33.6677248,-112.0080585,Paradise Valley,161.6822841
40136170005,644506,0,33.6586867,-112.0265551,Paradise Valley,159.2606551
40136170004,674254,0,33.6659631,-112.0258794,Paradise Valley,166.6115347
40136170002,575160,0,33.6659958,-112.017528,Paradise Valley,142.1249118
40136170001,642719,0,33.6587502,-112.0179333,Paradise Valley,158.8190785
40136169003,525395,0,33.6680621,-112.0343384,Paradise Valley,129.8277315
40136169002,601620,0,33.6567774,-112.0397894,Paradise Valley,148.6633101
40136169001,1626667,0,33.6629054,-112.040611,Paradise Valley,401.957549
40136185003,121515,0,33.6419064,-112.1288082,Deer Valley,30.02696408
40136185002,165020,0,33.6414692,-112.132153,Deer Valley,40.7772671
40136183001,713640,0,33.6433573,-112.147479,Deer Valley,176.3440122
40136182001,661601,0,33.6510282,-112.138889,Deer Valley,163.4849151
40136181003,657276,0,33.6508915,-112.1562247,Deer Valley,162.416186
40136181002,625701,0,33.6508719,-112.164729,Deer Valley,154.6138456
40131036124,176296,0,33.6353099,-112.0689546,North Mountain,43.56362308
40131036123,1124775,0,33.6293991,-112.0806102,North Mountain,277.9375264
40131036112,1053519,0,33.6299322,-112.0578287,North Mountain,260.3298125
40131036111,1292818,4009,33.6362176,-112.0591785,North Mountain,319.4617919
40131036074,554496,0,33.6211348,-112.0387721,Paradise Valley,137.0187341
40131036073,894082,0,33.6151354,-112.047813,Paradise Valley,220.9321326
40131036043,655810,0,33.6375037,-112.0732773,Deer Valley,162.0539301
40131032203,468498,0,33.6208562,-111.936045,Paradise Valley,115.7681983
40131069003,648696,0,33.5276041,-112.1299155,Alhambra,160.2960251
40131100022,559980,4560,33.4909367,-112.1581002,Maryvale,138.3738579
40131100011,602309,4637,33.484778,-112.1646469,Maryvale,148.8335654
40131093002,480787,0,33.4991892,-112.1652533,Maryvale,118.8048716
40131093003,226779,0,33.5047816,-112.1666715,Maryvale,56.0382248
40131071011,601672,0,33.5205567,-112.1471391,Alhambra,148.6761596
40131092003,1580313,0,33.5010958,-112.1458756,Maryvale,390.5032439
40131069004,653701,0,33.5348833,-112.1299504,Alhambra,161.5327856
40131070001,642535,0,33.5348452,-112.1385758,Alhambra,158.7736112
40131059002,814467,0,33.5430778,-112.1299816,Alhambra,201.258868
40131059001,810169,0,33.5507363,-112.1264803,Alhambra,200.1968107
40131167181,993663,0,33.3252483,-111.9844998,Ahwatukee Foothills,245.5390956
40131167151,523858,0,33.3567044,-111.9820008,Ahwatukee Foothills,129.4479311
40131167111,642670,0,33.3305659,-111.9929023,Ahwatukee Foothills,158.8069704
40131167102,1380462,0,33.3378679,-112.003023,Ahwatukee Foothills,341.1190625
40131167103,848241,0,33.3234805,-112.0065617,Ahwatukee Foothills,209.6045923
40131048011,1479291,0,33.5780775,-112.0218745,Paradise Valley,365.5402026
40131078002,2069492,53417,33.5172978,-112.0214715,Camelback East,511.3818207
40131167171,584641,0,33.3236413,-111.9761463,Ahwatukee Foothills,144.4677143
40131032141,687405,7910,33.6154471,-111.9482555,Paradise Valley,169.8612125
40131032062,1592208,0,33.6067678,-111.9510352,Paradise Valley,393.4425578
40131033062,317345,0,33.6298237,-112.0221153,Paradise Valley,78.41753623
40131036042,664903,0,33.6364602,-112.0828793,Deer Valley,164.3008558
40131032174,216540,0,33.6386455,-111.9572629,Paradise Valley,53.5081167
40131042191,1916414,0,33.6047337,-112.1584558,North Mountain,473.5554815
40131117003,657860,0,33.4693625,-112.0607306,Encanto,162.5604953
40131118004,674917,0,33.4694957,-112.0695127,Encanto,166.7753653
40131118003,690799,0,33.4766529,-112.078349,Encanto,170.6998869
40131052001,2070975,0,33.5624716,-112.0453584,North Mountain,511.7482774
40131063004,653630,0,33.5418841,-112.0607275,Camelback East,161.5152412
40131119002,622564,0,33.4693035,-112.0870711,Encanto,153.8386772
40131063001,619944,822,33.5499894,-112.0526068,Camelback East,153.1912621
40136165002,748846,0,33.6613415,-112.1111642,Deer Valley,185.0435908
40136165001,615397,0,33.6653695,-112.1041323,Deer Valley,152.0676757
40136164005,205257,0,33.6614322,-112.1205474,Deer Valley,50.72003099
40136164003,928127,0,33.6650104,-112.1190128,Deer Valley,229.3448223
40136161003,355323,0,33.6676572,-112.1585911,Deer Valley,87.80208992
40136161002,606981,0,33.6639785,-112.1576393,Deer Valley,149.98804
40136161001,425545,0,33.6658447,-112.1660025,Deer Valley,105.1542972
40136133003,2088950,0,33.7351025,-111.9864571,Desert View,516.1899898
40131067031,522420,0,33.5281926,-112.0958959,Alhambra,129.0925941
40131067013,292666,0,33.5347447,-112.0930961,Alhambra,72.31923193
40131067012,135382,0,33.5329034,-112.0975104,Alhambra,33.45356911
40131067011,205629,0,33.5365572,-112.0971824,Alhambra,50.81195405
40131065021,325986,0,33.5291592,-112.0518664,Camelback East,80.55277053
40131060032,516280,0,33.5425922,-112.1086291,Alhambra,127.5753694
40131060031,424853,0,33.5418093,-112.1026181,Alhambra,104.9833006
40131060022,322451,0,33.5494807,-112.1018116,Alhambra,79.67925436
40131055033,96920,0,33.5587905,-112.1011097,North Mountain,23.9494166
40131136021,515746,3499,33.4562817,-112.009615,Central City,127.4434153
40131032202,634286,0,33.6176985,-111.9290682,Paradise Valley,156.735242
40131032193,533098,0,33.6365122,-111.9348388,Paradise Valley,131.7311813
40131032191,1767205,0,33.6293686,-111.931754,Paradise Valley,436.6851915
40131032105,218064,0,33.6050398,-111.9892694,Paradise Valley,53.88470472
40130822061,6229053,286809,33.4030679,-112.2496314,Estrella,1539.230142
40130822052,1253867,0,33.4296715,-112.2427036,Estrella,309.836805
40130822051,1256877,0,33.4288402,-112.2511722,Estrella,310.5805911
40130822042,5990640,0,33.399237,-112.2628971,Estrella,1480.317097
40131042051,705786,35148,33.5787537,-112.1417374,North Mountain,174.4032495
40131058004,652359,0,33.549431,-112.1472072,Alhambra,161.2011707
40131042063,637465,0,33.5711379,-112.1469977,North Mountain,157.5207888
40131042033,197156,188,33.5831098,-112.1483981,North Mountain,48.71823338
40131099001,358687,0,33.4824678,-112.1734402,Maryvale,88.63335114
40131042054,1851661,80901,33.5758737,-112.1215978,North Mountain,457.5546914
40131039004,991965,474,33.6040566,-112.1131237,North Mountain,245.1195113
40131046003,621590,3388,33.5722448,-112.0784056,North Mountain,153.597997
40131167122,617423,0,33.3015919,-111.9931295,Ahwatukee Foothills,152.5683104
40131167082,824597,21936,33.3436364,-111.9772982,Ahwatukee Foothills,203.7620417
40131036041,1773251,9689,33.6351093,-112.0937682,Deer Valley,438.1791884
40131081001,1452097,16185,33.5033702,-111.9805171,Camelback East,358.8204292
40131116011,644221,5283,33.4771115,-112.0334673,Encanto,159.1902302
40131137004,290139,0,33.4638676,-111.9910064,Camelback East,71.6947976
40131164001,757584,0,33.3887363,-112.0521476,South Mountain,187.2027943
40131036063,1246276,0,33.6368421,-112.0385893,Paradise Valley,307.961031
40131119001,1271550,40950,33.4763017,-112.087117,Encanto,314.2063628
40131127002,504914,0,33.4540944,-112.1217655,Estrella,124.766774
40131132011,329362,0,33.4568786,-112.0518424,Central City,81.38699701
40131127003,640651,0,33.455042,-112.1302059,Estrella,158.3080654
40131167142,1616345,0,33.2977349,-112.0267932,Ahwatukee Foothills,399.4069312
40131129002,539856,0,33.4577403,-112.0861586,Central City,133.4011169
40131063003,636135,14726,33.548544,-112.0624875,Camelback East,157.1921392
40136152003,619590,0,33.6868833,-111.9716847,Desert View,153.103787
40136152002,4741029,0,33.684957,-111.9633645,Desert View,1171.531971
40136152001,21404356,198420,33.6785271,-111.941099,Desert View,5289.123389
40131055032,448568,20253,33.5565843,-112.105199,North Mountain,110.8433956
40131055031,84961,0,33.5550738,-112.1007502,North Mountain,20.99428791
40131055012,355745,0,33.5572764,-112.1150943,North Mountain,87.90636823
40131052004,665738,0,33.5602025,-112.0543822,North Mountain,164.5071885
40131051023,971259,0,33.5514709,-112.0427037,Camelback East,240.0029552
40131049002,647836,0,33.5862991,-112.0000818,Paradise Valley,160.0835148
40131047024,229635,0,33.5798256,-112.050096,North Mountain,56.74395668
40131047023,406812,0,33.5730203,-112.053551,North Mountain,100.5252793
40131127004,690644,0,33.4639932,-112.1254306,Maryvale,170.6615856
40131123011,256643,0,33.4675356,-112.1554687,Maryvale,63.41776852
40131113003,321178,0,33.4675063,-111.9913466,Camelback East,79.36468969
40131112014,549060,0,33.4754287,-111.9658904,Camelback East,135.6754713
40131111002,316703,0,33.4818884,-111.9737889,Camelback East,78.25889482
40131098012,740879,0,33.4902774,-112.1995885,Maryvale,183.0749053
40131098011,478779,0,33.4835081,-112.198518,Maryvale,118.3086848
40131089024,331823,5145,33.503939,-112.0873751,Alhambra,81.99512242
40131089022,413401,5339,33.5032028,-112.0934543,Alhambra,102.1534541
40130820072,640090,0,33.4978892,-112.2507465,Maryvale,158.1694395
40136170003,1461680,0,33.6738133,-112.0230485,Paradise Valley,361.1884364
40136168004,594724,0,33.6655229,-112.0613337,Deer Valley,146.959274
40136168003,649732,0,33.6584875,-112.0612716,Deer Valley,160.5520259
40136168002,591657,0,33.6656017,-112.0528146,Deer Valley,146.201403
40136168001,633288,0,33.6585822,-112.0527488,Deer Valley,156.4886312
40136167003,561542,0,33.658733,-112.0788864,Deer Valley,138.7598359
40136167002,859956,0,33.6654809,-112.0765481,Deer Valley,212.4994274
40136166004,653267,0,33.6582754,-112.0871681,Deer Valley,161.425542
40136166003,624482,0,33.6654141,-112.0872551,Deer Valley,154.3126246
40136166002,618883,0,33.6583151,-112.0956323,Deer Valley,152.9290837
40136166001,641006,0,33.6657108,-112.0956549,Deer Valley,158.3957876
40136165003,648120,0,33.6583375,-112.1041237,Deer Valley,160.1536926
40136164004,970755,0,33.6608316,-112.1268689,Deer Valley,239.8784143
40130822041,3562927,17736,33.4274254,-112.2649095,Estrella,880.4170763
40130822033,1183014,0,33.409794,-112.2812199,Estrella,292.3286745
40130822032,1383755,0,33.4170748,-112.2806931,Estrella,341.9327793
40130822031,2574440,0,33.4283352,-112.2810554,Estrella,636.1569962
40130820281,548464,0,33.4685255,-112.2416771,Maryvale,135.5281967
40131048012,4394545,0,33.5789712,-112.038422,Paradise Valley,1085.914042
40131043022,634708,34194,33.5897094,-112.1208779,North Mountain,156.8395203
40131043011,638222,0,33.593592,-112.1289347,North Mountain,157.7078473
40131042062,370076,0,33.5696969,-112.1389758,North Mountain,91.44762998
40131042032,537984,0,33.5849791,-112.1385197,North Mountain,132.9385363
40131040003,640516,0,33.6000052,-112.1296274,North Mountain,158.2747062
40131042031,751390,0,33.5921636,-112.138281,North Mountain,185.672226
40131041003,603075,0,33.6142126,-112.1294554,North Mountain,149.0228479
40131042122,800967,0,33.6010607,-112.1378267,North Mountain,197.9229505
40131042034,445835,0,33.5864535,-112.1465637,North Mountain,110.1680577
40131042035,650134,0,33.5927224,-112.1470087,North Mountain,160.6513621
40131042042,739447,25555,33.5929979,-112.1619386,North Mountain,182.7210509
40131042124,932589,0,33.6071096,-112.1423043,North Mountain,230.4474048
40131058001,649351,0,33.5494482,-112.1385996,Alhambra,160.4578789
40131058002,645174,0,33.542147,-112.1386059,Alhambra,159.4257213
40131069001,653822,0,33.5349082,-112.1212502,Alhambra,161.5626853
40131070002,644017,0,33.5275793,-112.138569,Alhambra,159.1398208
40131070003,643008,0,33.5275602,-112.1471815,Alhambra,158.8904918
40131101002,320727,0,33.4840782,-112.1364911,Maryvale,79.25324534
40131125052,974424,0,33.4595258,-112.1962606,Estrella,240.7850425
40131036094,194311,0,33.6128902,-112.1020571,North Mountain,48.01521966
40131039001,655679,0,33.6075073,-112.1043817,North Mountain,162.0215593
40131167254,1177452,694,33.2950816,-112.0391324,Ahwatukee Foothills,290.9542765
40131167191,587571,0,33.3086938,-111.9844391,Ahwatukee Foothills,145.191732
40131062002,1293011,0,33.5455264,-112.0694832,Alhambra,319.5094832
40131062001,1300982,0,33.5455962,-112.0781694,Alhambra,321.4791571
40131074005,164317,0,33.511191,-112.084673,Alhambra,40.60355229
40131074003,634080,0,33.5204069,-112.095454,Alhambra,156.6843384
40131074002,491197,0,33.513673,-112.0875643,Alhambra,121.3772347
40131084003,323339,0,33.4985194,-112.0280368,Camelback East,79.8986836
40131162041,1983788,0,33.4011224,-111.9882432,South Mountain,490.2039337
40131167043,3016335,0,33.3685337,-112.0411188,South Mountain,745.3514602
40131036053,820127,0,33.6119603,-112.0698249,North Mountain,202.6574823
40131036092,767388,0,33.6224036,-112.1103604,North Mountain,189.6254117
40131133002,761483,0,33.4550582,-112.0425953,Central City,188.1662567
40136151002,1442968,0,33.6931034,-111.9763713,Desert View,356.5646076
40136151001,811802,0,33.6861396,-111.98226,Desert View,200.6003332
40136150003,4215588,27724,33.6706783,-111.9824942,Desert View,1041.692873
40136150002,4209421,0,33.6918473,-111.9999145,Desert View,1040.168976
40136150001,6825085,81704,33.6821304,-112.0124529,Desert View,1686.512629
40136149003,226473,0,33.6711947,-112.0631038,Deer Valley,55.96261067
40131173002,584017,0,33.4331259,-112.1036392,Central City,144.3135208
40131047022,540717,0,33.5694448,-112.0557045,North Mountain,133.6138743
40131047021,266102,0,33.5763705,-112.0524656,North Mountain,65.75513471
40131047013,330294,0,33.578576,-112.0566547,North Mountain,81.61729887
40131047012,262994,0,33.5801469,-112.0605843,North Mountain,64.98713237
40131047011,474011,0,33.5739481,-112.0626686,North Mountain,117.1304882
40131044021,2556183,25308,33.5782082,-112.1100577,North Mountain,631.6456002
40131044013,156577,0,33.5947227,-112.1017136,North Mountain,38.69095959
40131044012,1015377,0,33.5882284,-112.1131079,North Mountain,250.9047336
40131044011,1377202,0,33.5893468,-112.105337,North Mountain,340.3135002
40131042121,202247,0,33.6088443,-112.1486745,North Mountain,49.97624494
40131042052,314588,0,33.579511,-112.1299063,North Mountain,77.73626774
40131042021,622408,0,33.6142746,-112.1382257,North Mountain,153.8001288
40130927203,13206545,6034,33.5259576,-112.2844878,Maryvale,3263.403302
40136164002,340916,0,33.656988,-112.1182481,Deer Valley,84.24204818
40136164001,594115,2496,33.6608391,-112.1324149,Deer Valley,146.8087871
40136162002,641529,0,33.6580334,-112.1563399,Deer Valley,158.5250235
40136162001,586388,0,33.6581628,-112.1647453,Deer Valley,144.8994067
40130820182,669970,0,33.47603,-112.2422164,Maryvale,165.5529369
40130820172,1303531,0,33.4758456,-112.2639234,Maryvale,322.1090278
40130820171,1301044,0,33.4685615,-112.2637669,Maryvale,321.4944776
40130820122,2054201,2194,33.5041859,-112.3020364,Maryvale,507.6033381
40130610131,3283369,10056,33.5010842,-112.320363,Maryvale,811.3368967
40130610111,13072909,285266,33.5326276,-112.3282845,Maryvale,3230.381178
40131042041,701687,6206,33.5886856,-112.1533766,North Mountain,173.3903661
40131042183,278731,0,33.6134803,-112.1652176,North Mountain,68.87582376
40131042023,630552,0,33.6143061,-112.1469077,North Mountain,155.812552
40131042192,642106,0,33.5999415,-112.1642685,North Mountain,158.6676031
40131042071,825182,0,33.6365572,-112.1274961,Deer Valley,203.9065981
40131042182,1503438,0,33.6208323,-112.1604071,Deer Valley,371.507047
40131042262,688592,0,33.6360172,-112.1387475,Deer Valley,170.1545262
40131042261,418548,0,33.6367386,-112.1479156,Deer Valley,103.4253035
40131100012,782036,4508,33.4838924,-112.156886,Maryvale,193.2450058
40131101003,648022,0,33.4840935,-112.1472989,Maryvale,160.1294763
40131042053,505346,2572,33.5761436,-112.1338557,North Mountain,124.8735233
40131126024,331516,0,33.4550103,-112.1495951,Estrella,81.91926118
40131126012,537682,0,33.4636498,-112.1419698,Maryvale,132.8639106
40131123023,218470,0,33.4786544,-112.1589214,Maryvale,53.98502935
40131123024,162387,0,33.4786606,-112.1538271,Maryvale,40.12663964
40131122011,942479,0,33.4765097,-112.1397872,Maryvale,232.8912733
40131123013,608050,0,33.4709143,-112.1587438,Maryvale,150.2521953
40131125071,949365,0,33.4641729,-112.1641569,Maryvale,234.5928383
40131056011,641042,0,33.563947,-112.1212707,North Mountain,158.4046834
40131069002,648638,0,33.527636,-112.1212359,Alhambra,160.281693
40131167271,3247773,0,33.2974951,-112.0773033,Ahwatukee Foothills,802.5409472
40131046002,645579,0,33.571392,-112.0695251,North Mountain,159.5257988
40131032052,1043050,0,33.6044604,-111.9747175,Paradise Valley,257.7428703
40131058003,638658,0,33.5420949,-112.1471605,Alhambra,157.8155851
40131032122,858140,0,33.6144513,-111.9695696,Paradise Valley,212.0506847
40131032071,653816,0,33.6076852,-111.93889,Paradise Valley,161.5612027
40131036082,403898,0,33.6298797,-112.1127866,Deer Valley,99.80521529
40131111001,1663333,35598,33.4853124,-111.9565784,Camelback East,411.017901
40131139001,2665421,0,33.4440704,-112.0389279,Central City,658.6388562
40131140001,1253801,0,33.4478787,-112.0563819,Central City,309.8204961
40131045013,288874,0,33.5729551,-112.0873371,North Mountain,71.38220977
40131113001,675748,0,33.4728335,-111.9847886,Camelback East,166.9807095
40131142001,1283912,0,33.4405133,-112.073743,Central City,317.2610748
40131051011,2044361,0,33.5762493,-112.0030172,Paradise Valley,505.1718249
40131143011,1333637,0,33.4476657,-112.0913092,Central City,329.5483709
40131119003,645972,3093,33.4695315,-112.0974462,Encanto,159.6229111
40131143021,649202,0,33.440342,-112.0956515,Central City,160.4210602
40131148002,806904,0,33.4335596,-112.088161,Central City,199.3900129
40131141001,1305069,0,33.4477673,-112.0738957,Central City,322.4890752
40136149002,3187764,0,33.6782232,-112.0411131,Paradise Valley,787.7124232
40136149001,2282343,9124,33.6796675,-112.0561153,Deer Valley,563.978367
40136146006,136791,0,33.6744258,-112.1191407,Deer Valley,33.80174006
40136146005,1483537,0,33.6775058,-112.1180777,Deer Valley,366.5894104
40136146004,121949,0,33.6710325,-112.127266,Deer Valley,30.13420765
40136146002,610776,0,33.6793238,-112.1317628,Deer Valley,150.9258035
40136146001,531359,0,33.6763475,-112.1290995,Deer Valley,131.3014657
40136145004,1838635,0,33.6952474,-112.1237641,Deer Valley,454.3359017
40131037021,603073,0,33.5879116,-112.0510762,North Mountain,149.0223537
40131037013,572955,0,33.6078908,-112.0402288,Paradise Valley,141.5800453
40131037012,1541148,0,33.6069846,-112.0517954,North Mountain,380.8253765
40131037011,456781,0,33.6007945,-112.0403405,Paradise Valley,112.872869
40131032201,1082935,0,33.6159259,-111.9376324,Paradise Valley,267.5986532
40131032192,588279,0,33.6339729,-111.9405904,Paradise Valley,145.3666823
40131094002,502012,0,33.5052324,-112.1769146,Maryvale,124.0496753
40131094003,879284,0,33.5015178,-112.1720422,Maryvale,217.2754728
40131094004,429240,0,33.4968629,-112.1806939,Maryvale,106.0673502
40131095001,652792,0,33.5058557,-112.1907172,Maryvale,161.3081672
40131095002,1216363,24992,33.49863,-112.1909263,Maryvale,300.5693791
40131095003,610788,0,33.5057463,-112.1991138,Maryvale,150.9287687
40131096011,599548,0,33.5056236,-112.2333163,Maryvale,148.1513085
40131096012,231365,0,33.4958264,-112.2332811,Maryvale,57.17144833
40131096013,400236,0,33.4995744,-112.2340939,Maryvale,98.90031678
40131096021,484581,0,33.503144,-112.2172022,Maryvale,119.742388
40131096022,565366,0,33.4978841,-112.2081336,Maryvale,139.7047654
40131042072,1655812,0,33.6312423,-112.1229551,Deer Valley,409.1594243
40131125054,634326,0,33.4533634,-112.1949374,Estrella,156.7451262
40131042251,597734,16877,33.6360322,-112.155563,Deer Valley,147.7030601
40131042263,242525,0,33.6279294,-112.1358256,Deer Valley,59.92914013
40131074006,321045,0,33.514994,-112.0954991,Alhambra,79.33182473
40131033051,325433,0,33.6368618,-112.0286376,Paradise Valley,80.41612147
40131074004,323855,0,33.5113646,-112.0955281,Alhambra,80.02618978
40131073001,933306,0,33.5204711,-112.1059707,Alhambra,230.6245791
40131036113,2869445,0,33.6207028,-112.0554289,North Mountain,709.0542067
40131032083,846118,0,33.5927937,-111.9893069,Paradise Valley,209.0799884
40131034001,1465884,4799,33.6023576,-112.0073366,Paradise Valley,362.2272658
40131035021,649673,0,33.6078662,-112.0175751,Paradise Valley,160.5374467
40131034002,673250,0,33.6095793,-112.0034352,Paradise Valley,166.3634413
40131048021,736503,0,33.5910456,-112.0168666,Paradise Valley,181.9935738
40131167194,933915,0,33.3108628,-111.9922461,Ahwatukee Foothills,230.7750661
40131051012,2880590,1791,33.5735606,-111.9837614,Paradise Valley,711.808192
40131143022,656558,0,33.4404112,-112.0868985,Central City,162.2387646
40131144011,1387782,0,33.443996,-112.1127649,Estrella,342.9278711
40131144021,351555,0,33.4491062,-112.1040924,Central City,86.87099828
40131144022,848937,0,33.4418563,-112.1040607,Central City,209.7765774
40131129001,851932,0,33.4633986,-112.0911154,Central City,210.5166569
40131145001,630896,0,33.4476211,-112.1217809,Estrella,155.8975561
40131145003,1276807,0,33.4404701,-112.1260219,Estrella,315.5053937
40131145002,633757,0,33.4477677,-112.1302643,Estrella,156.6045235
40136145003,502845,0,33.6866584,-112.1163944,Deer Valley,124.2555137
40136145002,701609,0,33.6879497,-112.1297553,Deer Valley,173.3710919
40136145001,492860,0,33.6883304,-112.122735,Deer Valley,121.7881703
40136144003,778924,0,33.6742021,-112.1388985,Deer Valley,192.476015
40136144001,708351,0,33.6828253,-112.1384688,Deer Valley,175.0370739
40136143001,11337356,17651,33.6918675,-112.1616595,Deer Valley,2801.517354
40136148003,704335,0,33.6725707,-112.0785172,Deer Valley,174.0447002
40136148002,721529,0,33.672812,-112.0874397,Deer Valley,178.2934235
40136148001,548033,0,33.67283,-112.0959686,Deer Valley,135.4216945
40131167282,2728220,28868,33.3112281,-112.0716229,Ahwatukee Foothills,674.1568031
40131167203,734229,0,33.3132836,-112.0006193,Ahwatukee Foothills,181.431657
40131167172,502949,0,33.3305035,-111.976043,Ahwatukee Foothills,124.2812126
40131166133,5134682,0,33.3694034,-112.1039987,South Mountain,1268.805596
40131166132,1300836,0,33.3849676,-112.1034563,South Mountain,321.4430798
40131166131,1291497,0,33.3849866,-112.1121002,South Mountain,319.1353662
40136115002,1311374,0,33.7248078,-112.1740154,Deer Valley,324.0470723
40136115001,2055514,0,33.7229003,-112.1685742,Deer Valley,507.927787
40136114003,1391918,0,33.7339747,-112.1994143,Deer Valley,343.9498974
40136114002,705484,0,33.7185465,-112.2004865,Deer Valley,174.3286238
40136114001,3263174,0,33.7278761,-112.1925278,Deer Valley,806.3466113
40136113002,2485694,0,33.7917497,-112.1090021,North Gateway,614.2274159
40136113001,53659835,33841,33.7696785,-112.1496039,North Gateway,13259.61353
40136108001,52148007,85796,33.7724173,-112.2425994,North Gateway,12886.03327
40136185001,1220960,0,33.6440429,-112.1234965,Deer Valley,301.7053208
40136106004,537499,0,33.8097443,-112.1261853,North Gateway,132.8186904
40136106003,1685544,0,33.8043217,-112.1196138,North Gateway,416.5063501
40136106002,1231793,0,33.8053467,-112.1326247,North Gateway,304.3822093
40136106001,5784501,28572,33.8087358,-112.105785,North Gateway,1429.37912
40136100004,3507061,0,33.8639063,-112.1572541,Rio Vista,866.6123084
40136100003,3097825,0,33.8835476,-112.1526039,Rio Vista,765.4880466
40136100002,62503741,48484,33.8220834,-112.1896625,Rio Vista,15444.98692
40136130002,4839851,1855,33.7754561,-111.9685448,Desert View,1195.951381
40136130001,5430803,7497,33.7790584,-111.9504807,Desert View,1341.978575
40136129002,867458,0,33.7469744,-111.974554,Desert View,214.3532091
40136129001,1608053,0,33.7486795,-111.9661163,Desert View,397.3579366
40136127001,898722,0,33.7566983,-111.9757384,Desert View,222.0786998
40136125003,757475,0,33.7905417,-111.9823834,Desert View,187.1758599
40136125001,3114888,0,33.7789582,-111.9864616,Desert View,769.7043992
40136124003,2370272,0,33.6985094,-112.0427151,Desert View,585.7060626
40136124002,51256389,26478,33.7557625,-112.0292045,Desert View,12665.71
40136124001,2233435,0,33.6996039,-112.0328037,Desert View,551.8929557
40136123004,555386,0,33.7355226,-112.108271,Deer Valley,137.2386575
40136123003,2174790,0,33.7377778,-112.117398,Deer Valley,537.401483
40136123002,990957,0,33.7289352,-112.1065952,Deer Valley,244.8704295
40136123001,19531618,150183,33.7109073,-112.0810504,Deer Valley,4826.360466
40136122001,22973887,2618,33.7503955,-112.0902306,Desert View,5676.962347
40136120001,14693481,4282,33.7872087,-112.0784608,North Gateway,3630.832623
40136119002,1751227,0,33.7387007,-112.1342317,Deer Valley,432.7369478
40136119001,8813226,0,33.7210637,-112.1327761,Deer Valley,2177.792211
40136117003,1454699,0,33.7066515,-112.1844159,Deer Valley,359.4633964
40136117001,2186882,0,33.7040615,-112.1950978,Deer Valley,540.3894766
40136116002,1655750,0,33.7156677,-112.1517249,Deer Valley,409.1441038
40136116001,2821018,0,33.7226551,-112.15031,Deer Valley,697.0876529
40136115003,2241958,0,33.7269641,-112.182337,Deer Valley,553.9990316